sheet,cell,field_name,java_type,excel_number_format
Contents,E3,Contents_E3,java.lang.String,General
Contents,E6,Contents_E6,java.lang.String,General
Contents,H7,Contents_H7,java.lang.String,General
Contents,F8,Contents_F8,java.lang.String,General
Contents,H8,Contents_H8,java.lang.String,General
Contents,F9,Contents_F9,java.lang.String,General
Contents,H9,Contents_H9,java.lang.String,General
Contents,F10,Contents_F10,java.lang.String,General
Contents,G10,Contents_G10,java.lang.String,General
Contents,H10,Contents_H10,java.lang.String,General
Contents,F11,Contents_F11,java.lang.String,General
Contents,H11,Contents_H11,java.lang.String,General
Contents,H12,Contents_H12,java.lang.String,General
Contents,G13,Contents_G13,java.lang.String,General
Contents,H13,Contents_H13,java.lang.String,General
Contents,G14,Contents_G14,java.lang.String,General
Contents,H14,Contents_H14,java.lang.String,General
Contents,G15,Contents_G15,java.lang.String,General
Contents,H15,Contents_H15,java.lang.String,General
Contents,G16,Contents_G16,java.lang.String,General
Contents,H16,Contents_H16,java.lang.String,General
Contents,G17,Contents_G17,java.lang.String,General
Contents,H17,Contents_H17,java.lang.String,General
Contents,G18,Contents_G18,java.lang.String,General
Contents,H18,Contents_H18,java.lang.String,General
Contents,G19,Contents_G19,java.lang.String,General
Contents,H19,Contents_H19,java.lang.String,General
Contents,G20,Contents_G20,java.lang.String,General
Contents,H20,Contents_H20,java.lang.String,General
Contents,G21,Contents_G21,java.lang.String,General
Contents,H21,Contents_H21,java.lang.String,General
Contents,G22,Contents_G22,java.lang.String,General
Contents,H22,Contents_H22,java.lang.String,General
Contents,G23,Contents_G23,java.lang.String,General
Contents,H23,Contents_H23,java.lang.String,General
Contents,G24,Contents_G24,java.lang.String,General
Contents,H24,Contents_H24,java.lang.String,General
Contents,F25,Contents_F25,java.lang.String,General
Contents,G25,Contents_G25,java.lang.String,General
Contents,H25,Contents_H25,java.lang.String,General
Contents,F26,Contents_F26,java.lang.String,General
Contents,G26,Contents_G26,java.lang.String,General
Contents,H26,Contents_H26,java.lang.String,General
Contents,G27,Contents_G27,java.lang.String,General
Contents,H27,Contents_H27,java.lang.String,General
Contents,G28,Contents_G28,java.lang.String,General
Contents,H28,Contents_H28,java.lang.String,General
Contents,F30,Contents_F30,java.lang.String,General
Contents,G30,Contents_G30,java.lang.String,General
Contents,H30,Contents_H30,java.lang.String,General
Contents,F31,Contents_F31,java.lang.String,General
Contents,G31,Contents_G31,java.lang.String,General
Contents,H31,Contents_H31,java.lang.String,General
Contents,G32,Contents_G32,java.lang.String,General
Contents,H32,Contents_H32,java.lang.String,General
Contents,G39,Contents_G39,java.lang.String,General
Contents,H39,Contents_H39,java.lang.String,General
Contents,G40,Contents_G40,java.lang.String,General
Contents,H40,Contents_H40,java.lang.String,General
Contents,G41,Contents_G41,java.lang.String,General
Contents,H41,Contents_H41,java.lang.String,General
Contents,G42,Contents_G42,java.lang.String,General
Contents,H42,Contents_H42,java.lang.String,General
Contents,G43,Contents_G43,java.lang.String,General
Contents,H43,Contents_H43,java.lang.String,General
Contents,G44,Contents_G44,java.lang.String,General
Contents,H44,Contents_H44,java.lang.String,General
Contents,G45,Contents_G45,java.lang.String,General
Contents,H45,Contents_H45,java.lang.String,General
Contents,G46,Contents_G46,java.lang.String,General
Contents,H46,Contents_H46,java.lang.String,General
Contents,G47,Contents_G47,java.lang.String,General
Contents,H47,Contents_H47,java.lang.String,General
Contents,G48,Contents_G48,java.lang.String,General
Contents,H48,Contents_H48,java.lang.String,General
Contents,E53,Contents_E53,java.lang.String,General
Contents,B58,Contents_B58,java.lang.String,General
Contents,B59,Contents_B59,java.lang.String,General
Contents,C61,Contents_C61,java.lang.String,General
Contents,C62,Contents_C62,java.lang.String,General
Contents,C63,Contents_C63,java.lang.String,General
Contents,C64,Contents_C64,java.lang.String,mm-dd-yy
Contents,C65,Contents_C65,java.lang.String,General
Contents,C66,Contents_C66,java.lang.String,General
Contents,C71,Contents_C71,java.lang.String,General
Contents,F81,Contents_F81,java.lang.String,General
Contents,G81,Contents_G81,java.lang.String,General
Contents,H81,Contents_H81,java.lang.String,mm-dd-yy
Contents,I81,Contents_I81,java.lang.String,mm-dd-yy
Contents,J81,Contents_J81,java.lang.String,mm-dd-yy
Contents,F82,Contents_F82,java.lang.String,General
Contents,G82,Contents_G82,java.lang.String,General
Contents,H82,Contents_H82,java.lang.String,mm-dd-yy
Contents,I82,Contents_I82,java.lang.String,mm-dd-yy
Contents,J82,Contents_J82,java.lang.String,mm-dd-yy
Contents,K82,Contents_K82,java.lang.String,mm-dd-yy
Contents,L82,Contents_L82,java.lang.String,mm-dd-yy
Contents,M82,Contents_M82,java.lang.String,mm-dd-yy
Contents,F83,Contents_F83,java.lang.String,General
Contents,G83,Contents_G83,java.lang.String,General
Contents,H83,Contents_H83,java.lang.String,mm-dd-yy
Contents,I83,Contents_I83,java.lang.String,mm-dd-yy
Contents,J83,Contents_J83,java.lang.String,mm-dd-yy
Contents,K83,Contents_K83,java.lang.String,mm-dd-yy
Contents,L83,Contents_L83,java.lang.String,mm-dd-yy
Contents,M83,Contents_M83,java.lang.String,mm-dd-yy
Contents,F84,Contents_F84,java.lang.String,General
Contents,G84,Contents_G84,java.lang.String,General
Contents,H84,Contents_H84,java.lang.String,mm-dd-yy
Contents,I84,Contents_I84,java.lang.String,mm-dd-yy
Contents,J84,Contents_J84,java.lang.String,mm-dd-yy
Contents,K84,Contents_K84,java.lang.String,mm-dd-yy
Contents,L84,Contents_L84,java.lang.String,mm-dd-yy
Contents,F85,Contents_F85,java.lang.String,General
Contents,G85,Contents_G85,java.lang.String,General
Contents,H85,Contents_H85,java.lang.String,mm-dd-yy
Contents,I85,Contents_I85,java.lang.String,mm-dd-yy
Contents,J85,Contents_J85,java.lang.String,mm-dd-yy
Contents,K85,Contents_K85,java.lang.String,mm-dd-yy
Contents,L85,Contents_L85,java.lang.String,mm-dd-yy
Contents,M85,Contents_M85,java.lang.String,mm-dd-yy
Contents,F86,Contents_F86,java.lang.String,General
Contents,G86,Contents_G86,java.lang.String,General
Contents,H86,Contents_H86,java.lang.String,mm-dd-yy
Contents,I86,Contents_I86,java.lang.String,mm-dd-yy
Contents,J86,Contents_J86,java.lang.String,mm-dd-yy
Contents,K86,Contents_K86,java.lang.String,mm-dd-yy
Contents,L86,Contents_L86,java.lang.String,mm-dd-yy
Contents,M86,Contents_M86,java.lang.String,mm-dd-yy
CONTACT_INFO_1,C2,CONTACT_INFO_1_C2,java.lang.String,General
CONTACT_INFO_1,C3,CONTACT_INFO_1_C3,java.lang.String,General
CONTACT_INFO_1,C4,CONTACT_INFO_1_C4,java.lang.String,General
CONTACT_INFO_1,C6,CONTACT_INFO_1_C6,java.lang.String,General
CONTACT_INFO_1,D11,CONTACT_INFO_1_D11,java.lang.String,General
CONTACT_INFO_1,C39,CONTACT_INFO_1_C39,java.lang.String,mm-dd-yy
PRIMARY_ACCOUNT_2a,C2,PRIMARY_ACCOUNT_2a_C2,java.lang.String,General
PRIMARY_ACCOUNT_2a,C3,PRIMARY_ACCOUNT_2a_C3,java.lang.String,General
PRIMARY_ACCOUNT_2a,C4,PRIMARY_ACCOUNT_2a_C4,java.lang.String,General
PRIMARY_ACCOUNT_2a,C6,PRIMARY_ACCOUNT_2a_C6,java.lang.String,General
PRIMARY_ACCOUNT_2a,H18,PRIMARY_ACCOUNT_2a_H18,java.lang.String,General
PRIMARY_ACCOUNT_2a,H24,PRIMARY_ACCOUNT_2a_H24,java.lang.Double,"#,##0.00_);(#,##0.00)"
PRIMARY_ACCOUNT_2a,H35,PRIMARY_ACCOUNT_2a_H35,java.lang.Double,"#,##0.00_);(#,##0.00)"
PRIMARY_ACCOUNT_2a,G36,PRIMARY_ACCOUNT_2a_G36,java.lang.Double,"#,##0.00_);(#,##0.00)"
PRIMARY_ACCOUNT_2a,H36,PRIMARY_ACCOUNT_2a_H36,java.lang.Double,"#,##0.00_);(#,##0.00)"
PRIMARY_ACCOUNT_2a,E42,PRIMARY_ACCOUNT_2a_E42,java.lang.String,@
PRIMARY_ACCOUNT_2a,F42,PRIMARY_ACCOUNT_2a_F42,java.lang.String,@
PRIMARY_ACCOUNT_2a,H42,PRIMARY_ACCOUNT_2a_H42,java.lang.Double,0
PRIMARY_ACCOUNT_2a,F43,PRIMARY_ACCOUNT_2a_F43,java.lang.String,General
PRIMARY_ACCOUNT_2a,H43,PRIMARY_ACCOUNT_2a_H43,java.lang.String,mmm/yyyy
PRIMARY_ACCOUNT_2a,C65,PRIMARY_ACCOUNT_2a_C65,java.lang.String,General
SECONDARY_ACCOUNTS_2b,C2,SECONDARY_ACCOUNTS_2b_C2,java.lang.String,General
SECONDARY_ACCOUNTS_2b,C3,SECONDARY_ACCOUNTS_2b_C3,java.lang.String,General
SECONDARY_ACCOUNTS_2b,C4,SECONDARY_ACCOUNTS_2b_C4,java.lang.String,General
SECONDARY_ACCOUNTS_2b,C6,SECONDARY_ACCOUNTS_2b_C6,java.lang.String,General
SECONDARY_ACCOUNTS_2b,I19,SECONDARY_ACCOUNTS_2b_I19,java.lang.String,General
SECONDARY_ACCOUNTS_2b,D22,SECONDARY_ACCOUNTS_2b_D22,java.lang.Double,"#,##0.00_);(#,##0.00)"
SECONDARY_ACCOUNTS_2b,E22,SECONDARY_ACCOUNTS_2b_E22,java.lang.Double,"#,##0.00_);(#,##0.00)"
SECONDARY_ACCOUNTS_2b,F22,SECONDARY_ACCOUNTS_2b_F22,java.lang.Double,"#,##0.00_);(#,##0.00)"
SECONDARY_ACCOUNTS_2b,G22,SECONDARY_ACCOUNTS_2b_G22,java.lang.Double,"#,##0.00_);(#,##0.00)"
SECONDARY_ACCOUNTS_2b,I22,SECONDARY_ACCOUNTS_2b_I22,java.lang.Double,"#,##0.00_);(#,##0.00)"
SECONDARY_ACCOUNTS_2b,D23,SECONDARY_ACCOUNTS_2b_D23,java.lang.Double,"#,##0.00_);(#,##0.00)"
SECONDARY_ACCOUNTS_2b,E23,SECONDARY_ACCOUNTS_2b_E23,java.lang.Double,"#,##0.00_);(#,##0.00)"
SECONDARY_ACCOUNTS_2b,F23,SECONDARY_ACCOUNTS_2b_F23,java.lang.Double,"#,##0.00_);(#,##0.00)"
SECONDARY_ACCOUNTS_2b,G23,SECONDARY_ACCOUNTS_2b_G23,java.lang.Double,"#,##0.00_);(#,##0.00)"
SECONDARY_ACCOUNTS_2b,I23,SECONDARY_ACCOUNTS_2b_I23,java.lang.Double,"#,##0.00_);(#,##0.00)"
SECONDARY_ACCOUNTS_2b,C63,SECONDARY_ACCOUNTS_2b_C63,java.lang.String,General
BALANCE_3,C2,BALANCE_3_C2,java.lang.String,General
BALANCE_3,C3,BALANCE_3_C3,java.lang.String,General
BALANCE_3,C4,BALANCE_3_C4,java.lang.String,General
BALANCE_3,C7,BALANCE_3_C7,java.lang.String,General
BALANCE_3,G17,BALANCE_3_G17,java.lang.String,General
BALANCE_3,H17,BALANCE_3_H17,java.lang.String,General
BALANCE_3,H19,BALANCE_3_H19,java.lang.Double,"#,##0.00_);(#,##0.00)"
BALANCE_3,I19,BALANCE_3_I19,java.lang.Double,"#,##0.00_);(#,##0.00)"
BALANCE_3,H20,BALANCE_3_H20,java.lang.Double,"#,##0.00_);(#,##0.00)"
BALANCE_3,I20,BALANCE_3_I20,java.lang.Double,"#,##0.00_);(#,##0.00)"
BALANCE_3,G21,BALANCE_3_G21,java.lang.Double,"#,##0.00_);(#,##0.00)"
BALANCE_3,H21,BALANCE_3_H21,java.lang.Double,"#,##0.00_);(#,##0.00)"
BALANCE_3,I21,BALANCE_3_I21,java.lang.Double,"#,##0.00_);(#,##0.00)"
BALANCE_3,G22,BALANCE_3_G22,java.lang.Double,"#,##0.00_);(#,##0.00)"
BALANCE_3,H22,BALANCE_3_H22,java.lang.Double,"#,##0.00_);(#,##0.00)"
BALANCE_3,I22,BALANCE_3_I22,java.lang.Double,"#,##0.00_);(#,##0.00)"
BALANCE_3,G23,BALANCE_3_G23,java.lang.Double,"#,##0.00_);(#,##0.00)"
BALANCE_3,H23,BALANCE_3_H23,java.lang.Double,"#,##0.00_);(#,##0.00)"
BALANCE_3,I23,BALANCE_3_I23,java.lang.Double,"#,##0.00_);(#,##0.00)"
BALANCE_3,G24,BALANCE_3_G24,java.lang.Double,"#,##0.00_);(#,##0.00)"
BALANCE_3,H24,BALANCE_3_H24,java.lang.Double,"#,##0.00_);(#,##0.00)"
BALANCE_3,I24,BALANCE_3_I24,java.lang.Double,"#,##0.00_);(#,##0.00)"
BALANCE_3,G25,BALANCE_3_G25,java.lang.Double,"#,##0.00_);(#,##0.00)"
BALANCE_3,H25,BALANCE_3_H25,java.lang.Double,"#,##0.00_);(#,##0.00)"
BALANCE_3,I25,BALANCE_3_I25,java.lang.Double,"#,##0.00_);(#,##0.00)"
BALANCE_3,G26,BALANCE_3_G26,java.lang.Double,"#,##0.00_);(#,##0.00)"
BALANCE_3,H26,BALANCE_3_H26,java.lang.Double,"#,##0.00_);(#,##0.00)"
BALANCE_3,I26,BALANCE_3_I26,java.lang.Double,"#,##0.00_);(#,##0.00)"
BALANCE_3,G27,BALANCE_3_G27,java.lang.Double,"#,##0.00_);(#,##0.00)"
BALANCE_3,H27,BALANCE_3_H27,java.lang.Double,"#,##0.00_);(#,##0.00)"
BALANCE_3,I27,BALANCE_3_I27,java.lang.Double,"#,##0.00_);(#,##0.00)"
BALANCE_3,G28,BALANCE_3_G28,java.lang.Double,"#,##0.00_);(#,##0.00)"
BALANCE_3,H28,BALANCE_3_H28,java.lang.Double,"#,##0.00_);(#,##0.00)"
BALANCE_3,I28,BALANCE_3_I28,java.lang.Double,"#,##0.00_);(#,##0.00)"
BALANCE_3,H31,BALANCE_3_H31,java.lang.Double,"#,##0.00_);(#,##0.00)"
BALANCE_3,I31,BALANCE_3_I31,java.lang.Double,"#,##0.00_);(#,##0.00)"
BALANCE_3,G32,BALANCE_3_G32,java.lang.Double,"#,##0.00_);(#,##0.00)"
BALANCE_3,H32,BALANCE_3_H32,java.lang.Double,"#,##0.00_);(#,##0.00)"
BALANCE_3,I32,BALANCE_3_I32,java.lang.Double,"#,##0.00_);(#,##0.00)"
BALANCE_3,G33,BALANCE_3_G33,java.lang.Double,"#,##0.00_);(#,##0.00)"
BALANCE_3,H33,BALANCE_3_H33,java.lang.Double,"#,##0.00_);(#,##0.00)"
BALANCE_3,I33,BALANCE_3_I33,java.lang.Double,"#,##0.00_);(#,##0.00)"
BALANCE_3,G34,BALANCE_3_G34,java.lang.Double,"#,##0.00_);(#,##0.00)"
BALANCE_3,H34,BALANCE_3_H34,java.lang.Double,"#,##0.00_);(#,##0.00)"
BALANCE_3,I34,BALANCE_3_I34,java.lang.Double,"#,##0.00_);(#,##0.00)"
BALANCE_3,G35,BALANCE_3_G35,java.lang.Double,"#,##0.00_);(#,##0.00)"
BALANCE_3,H35,BALANCE_3_H35,java.lang.Double,"#,##0.00_);(#,##0.00)"
BALANCE_3,I35,BALANCE_3_I35,java.lang.Double,"#,##0.00_);(#,##0.00)"
BALANCE_3,G37,BALANCE_3_G37,java.lang.Double,"#,##0.00_);(#,##0.00)"
BALANCE_3,H37,BALANCE_3_H37,java.lang.Double,"#,##0.00_);(#,##0.00)"
BALANCE_3,G38,BALANCE_3_G38,java.lang.Double,"#,##0.00_);(#,##0.00)"
BALANCE_3,G39,BALANCE_3_G39,java.lang.Double,"#,##0.00_);(#,##0.00)"
BALANCE_3,D42,BALANCE_3_D42,java.lang.String,General
BALANCE_3,D43,BALANCE_3_D43,java.lang.String,General
INCOME_4,C2,INCOME_4_C2,java.lang.String,General
INCOME_4,C3,INCOME_4_C3,java.lang.String,General
INCOME_4,C4,INCOME_4_C4,java.lang.String,General
INCOME_4,C6,INCOME_4_C6,java.lang.String,General
INCOME_4,J9,INCOME_4_J9,java.lang.String,General
INCOME_4,J11,INCOME_4_J11,java.lang.Double,"#,##0.00_);(#,##0.00)"
INCOME_4,J12,INCOME_4_J12,java.lang.Double,"#,##0.00_);(#,##0.00)"
INCOME_4,J13,INCOME_4_J13,java.lang.Double,"#,##0.00_);(#,##0.00)"
INCOME_4,J14,INCOME_4_J14,java.lang.Double,"#,##0.00_);(#,##0.00)"
INCOME_4,J15,INCOME_4_J15,java.lang.Double,"#,##0.00_);(#,##0.00)"
INCOME_4,J16,INCOME_4_J16,java.lang.Double,"#,##0.00_);(#,##0.00)"
INCOME_4,J17,INCOME_4_J17,java.lang.Double,"#,##0.00_);(#,##0.00)"
INCOME_4,H19,INCOME_4_H19,java.lang.Double,"#,##0.00_);(#,##0.00)"
INCOME_4,I19,INCOME_4_I19,java.lang.Double,"#,##0.00_);(#,##0.00)"
INCOME_4,J19,INCOME_4_J19,java.lang.Double,"#,##0.00_);(#,##0.00)"
INCOME_4,J20,INCOME_4_J20,java.lang.Double,"#,##0.00_);(#,##0.00)"
INCOME_4,J21,INCOME_4_J21,java.lang.Double,"#,##0.00_);(#,##0.00)"
INCOME_4,H22,INCOME_4_H22,java.lang.Double,"#,##0.00_);(#,##0.00)"
INCOME_4,I22,INCOME_4_I22,java.lang.Double,"#,##0.00_);(#,##0.00)"
INCOME_4,J22,INCOME_4_J22,java.lang.Double,"#,##0.00_);(#,##0.00)"
INCOME_4,J23,INCOME_4_J23,java.lang.Double,"#,##0.00_);(#,##0.00)"
INCOME_4,J24,INCOME_4_J24,java.lang.Double,"#,##0.00_);(#,##0.00)"
INCOME_4,H27,INCOME_4_H27,java.lang.Double,"#,##0.00_);(#,##0.00)"
INCOME_4,J27,INCOME_4_J27,java.lang.Double,"#,##0.00_);(#,##0.00)"
INCOME_4,G28,INCOME_4_G28,java.lang.Double,"#,##0.00_);(#,##0.00)"
INCOME_4,H28,INCOME_4_H28,java.lang.Double,"#,##0.00_);(#,##0.00)"
INCOME_4,I28,INCOME_4_I28,java.lang.Double,"#,##0.00_);(#,##0.00)"
INCOME_4,J28,INCOME_4_J28,java.lang.Double,"#,##0.00_);(#,##0.00)"
INCOME_4,J29,INCOME_4_J29,java.lang.Double,"#,##0.00_);(#,##0.00)"
INCOME_4,G30,INCOME_4_G30,java.lang.Double,"#,##0.00_);(#,##0.00)"
INCOME_4,H30,INCOME_4_H30,java.lang.Double,"#,##0.00_);(#,##0.00)"
INCOME_4,I30,INCOME_4_I30,java.lang.Double,"#,##0.00_);(#,##0.00)"
INCOME_4,J30,INCOME_4_J30,java.lang.Double,"#,##0.00_);(#,##0.00)"
INCOME_4,J31,INCOME_4_J31,java.lang.Double,"#,##0.00_);(#,##0.00)"
INCOME_4,G32,INCOME_4_G32,java.lang.Double,"#,##0.00_);(#,##0.00)"
INCOME_4,H32,INCOME_4_H32,java.lang.Double,"#,##0.00_);(#,##0.00)"
INCOME_4,I32,INCOME_4_I32,java.lang.Double,"#,##0.00_);(#,##0.00)"
INCOME_4,J32,INCOME_4_J32,java.lang.Double,"#,##0.00_);(#,##0.00)"
INCOME_4,J33,INCOME_4_J33,java.lang.Double,"#,##0.00_);(#,##0.00)"
INCOME_4,J34,INCOME_4_J34,java.lang.Double,"#,##0.00_);(#,##0.00)"
INCOME_4,H35,INCOME_4_H35,java.lang.Double,"#,##0.00_);(#,##0.00)"
INCOME_4,J35,INCOME_4_J35,java.lang.Double,"#,##0.00_);(#,##0.00)"
INCOME_4,J36,INCOME_4_J36,java.lang.Double,"#,##0.00_);(#,##0.00)"
INCOME_4,J37,INCOME_4_J37,java.lang.Double,"#,##0.00_);(#,##0.00)"
INCOME_4,J38,INCOME_4_J38,java.lang.Double,"#,##0.00_);(#,##0.00)"
INCOME_4,H39,INCOME_4_H39,java.lang.Double,"#,##0.00_);(#,##0.00)"
INCOME_4,J39,INCOME_4_J39,java.lang.Double,"#,##0.00_);(#,##0.00)"
INCOME_4,J40,INCOME_4_J40,java.lang.Double,"#,##0.00_);(#,##0.00)"
INCOME_4,J41,INCOME_4_J41,java.lang.Double,"#,##0.00_);(#,##0.00)"
INCOME_4,G42,INCOME_4_G42,java.lang.Double,"#,##0.00_);(#,##0.00)"
INCOME_4,H42,INCOME_4_H42,java.lang.Double,"#,##0.00_);(#,##0.00)"
INCOME_4,I42,INCOME_4_I42,java.lang.Double,"#,##0.00_);(#,##0.00)"
INCOME_4,J42,INCOME_4_J42,java.lang.Double,"#,##0.00_);(#,##0.00)"
INCOME_4,J43,INCOME_4_J43,java.lang.Double,"#,##0.00_);(#,##0.00)"
INCOME_4,J44,INCOME_4_J44,java.lang.Double,"#,##0.00_);(#,##0.00)"
INCOME_4,J45,INCOME_4_J45,java.lang.Double,"#,##0.00_);(#,##0.00)"
INCOME_4,J46,INCOME_4_J46,java.lang.Double,"#,##0.00_);(#,##0.00)"
INCOME_4,J47,INCOME_4_J47,java.lang.Double,"#,##0.00_);(#,##0.00)"
INCOME_4,J48,INCOME_4_J48,java.lang.Double,"#,##0.00_);(#,##0.00)"
INCOME_4,E50,INCOME_4_E50,java.lang.String,General
INCOME_4,E51,INCOME_4_E51,java.lang.String,General
ASSET_DTL_5a,C2,ASSET_DTL_5a_C2,java.lang.String,General
ASSET_DTL_5a,C3,ASSET_DTL_5a_C3,java.lang.String,General
ASSET_DTL_5a,C4,ASSET_DTL_5a_C4,java.lang.String,General
ASSET_DTL_5a,C6,ASSET_DTL_5a_C6,java.lang.String,General
ASSET_DTL_5a,G19,ASSET_DTL_5a_G19,java.lang.Double,"#,##0.00_);(#,##0.00)"
ASSET_DTL_5a,F35,ASSET_DTL_5a_F35,java.lang.Double,"#,##0.00_);(#,##0.00)"
ASSET_DTL_5a,G35,ASSET_DTL_5a_G35,java.lang.Double,"#,##0.00_);(#,##0.00)"
ASSET_DTL_5a,F46,ASSET_DTL_5a_F46,java.lang.Double,"#,##0.00_);(#,##0.00)"
ASSET_DTL_5a,G46,ASSET_DTL_5a_G46,java.lang.Double,"#,##0.00_);(#,##0.00)"
ASSET_DTL_5a,F60,ASSET_DTL_5a_F60,java.lang.Double,"#,##0.00_);(#,##0.00)"
ASSET_DTL_5a,G60,ASSET_DTL_5a_G60,java.lang.Double,"#,##0.00_);(#,##0.00)"
LIABILITY_DTL_5b,C2,LIABILITY_DTL_5b_C2,java.lang.String,General
LIABILITY_DTL_5b,C3,LIABILITY_DTL_5b_C3,java.lang.String,General
LIABILITY_DTL_5b,C4,LIABILITY_DTL_5b_C4,java.lang.String,General
LIABILITY_DTL_5b,C6,LIABILITY_DTL_5b_C6,java.lang.String,General
LIABILITY_DTL_5b,E31,LIABILITY_DTL_5b_E31,java.lang.Double,"#,##0.00_);(#,##0.00)"
LIABILITY_DTL_5b,F31,LIABILITY_DTL_5b_F31,java.lang.Double,"#,##0.00_);(#,##0.00)"
LIABILITY_DTL_5b,E44,LIABILITY_DTL_5b_E44,java.lang.Double,"#,##0.00_);(#,##0.00)"
LIABILITY_DTL_5b,F44,LIABILITY_DTL_5b_F44,java.lang.Double,"#,##0.00_);(#,##0.00)"
LIABILITY_DTL_5b,E56,LIABILITY_DTL_5b_E56,java.lang.Double,"#,##0.00_);(#,##0.00)"
LIABILITY_DTL_5b,F56,LIABILITY_DTL_5b_F56,java.lang.Double,"#,##0.00_);(#,##0.00)"
INVENTORY_DTL_6,C2,INVENTORY_DTL_6_C2,java.lang.String,General
INVENTORY_DTL_6,C3,INVENTORY_DTL_6_C3,java.lang.String,General
INVENTORY_DTL_6,C4,INVENTORY_DTL_6_C4,java.lang.String,General
INVENTORY_DTL_6,C6,INVENTORY_DTL_6_C6,java.lang.String,General
INVENTORY_DTL_6,M17,INVENTORY_DTL_6_M17,java.lang.Double,"#,##0.00_);(#,##0.00)"
INVENTORY_DTL_6,E22,INVENTORY_DTL_6_E22,java.lang.Double,"#,##0.0000000000_);\(#,##0.0000000000\)"
INVENTORY_DTL_6,F22,INVENTORY_DTL_6_F22,java.lang.Double,"#,##0.0000000000_);\(#,##0.0000000000\)"
INVENTORY_DTL_6,G22,INVENTORY_DTL_6_G22,java.lang.Double,"#,##0.0000000000_);\(#,##0.0000000000\)"
INVENTORY_DTL_6,H22,INVENTORY_DTL_6_H22,java.lang.Double,"#,##0.0000000000_);\(#,##0.0000000000\)"
INVENTORY_DTL_6,I22,INVENTORY_DTL_6_I22,java.lang.Double,"#,##0.0000000000_);\(#,##0.0000000000\)"
INVENTORY_DTL_6,J22,INVENTORY_DTL_6_J22,java.lang.Double,"#,##0.0000000000_);\(#,##0.0000000000\)"
INVENTORY_DTL_6,K22,INVENTORY_DTL_6_K22,java.lang.Double,"#,##0.0000000000_);\(#,##0.0000000000\)"
INVENTORY_DTL_6,L22,INVENTORY_DTL_6_L22,java.lang.Double,"#,##0.0000000000_);\(#,##0.0000000000\)"
INVENTORY_DTL_6,E26,INVENTORY_DTL_6_E26,java.lang.Double,"#,##0"
INVENTORY_DTL_6,F26,INVENTORY_DTL_6_F26,java.lang.Double,"#,##0"
INVENTORY_DTL_6,G26,INVENTORY_DTL_6_G26,java.lang.Double,"#,##0"
INVENTORY_DTL_6,H26,INVENTORY_DTL_6_H26,java.lang.Double,"#,##0"
INVENTORY_DTL_6,I26,INVENTORY_DTL_6_I26,java.lang.Double,"#,##0"
INVENTORY_DTL_6,J26,INVENTORY_DTL_6_J26,java.lang.Double,"#,##0"
INVENTORY_DTL_6,K26,INVENTORY_DTL_6_K26,java.lang.Double,"#,##0"
INVENTORY_DTL_6,L26,INVENTORY_DTL_6_L26,java.lang.Double,"#,##0"
INVENTORY_DTL_6,E27,INVENTORY_DTL_6_E27,java.lang.Double,"#,##0.00_);(#,##0.00)"
INVENTORY_DTL_6,F27,INVENTORY_DTL_6_F27,java.lang.Double,"#,##0.00_);(#,##0.00)"
INVENTORY_DTL_6,G27,INVENTORY_DTL_6_G27,java.lang.Double,"#,##0.00_);(#,##0.00)"
INVENTORY_DTL_6,H27,INVENTORY_DTL_6_H27,java.lang.Double,"#,##0.00_);(#,##0.00)"
INVENTORY_DTL_6,I27,INVENTORY_DTL_6_I27,java.lang.Double,"#,##0.00_);(#,##0.00)"
INVENTORY_DTL_6,J27,INVENTORY_DTL_6_J27,java.lang.Double,"#,##0.00_);(#,##0.00)"
INVENTORY_DTL_6,K27,INVENTORY_DTL_6_K27,java.lang.Double,"#,##0.00_);(#,##0.00)"
INVENTORY_DTL_6,L27,INVENTORY_DTL_6_L27,java.lang.Double,"#,##0.00_);(#,##0.00)"
INVENTORY_DTL_6,M27,INVENTORY_DTL_6_M27,java.lang.Double,"#,##0.00_);(#,##0.00)"
INVENTORY_DTL_6,E29,INVENTORY_DTL_6_E29,java.lang.Double,"#,##0.00_);(#,##0.00)"
INVENTORY_DTL_6,F29,INVENTORY_DTL_6_F29,java.lang.Double,"#,##0.00_);(#,##0.00)"
INVENTORY_DTL_6,G29,INVENTORY_DTL_6_G29,java.lang.Double,"#,##0.00_);(#,##0.00)"
INVENTORY_DTL_6,H29,INVENTORY_DTL_6_H29,java.lang.Double,"#,##0.00_);(#,##0.00)"
INVENTORY_DTL_6,I29,INVENTORY_DTL_6_I29,java.lang.Double,"#,##0.00_);(#,##0.00)"
INVENTORY_DTL_6,J29,INVENTORY_DTL_6_J29,java.lang.Double,"#,##0.00_);(#,##0.00)"
INVENTORY_DTL_6,K29,INVENTORY_DTL_6_K29,java.lang.Double,"#,##0.00_);(#,##0.00)"
INVENTORY_DTL_6,L29,INVENTORY_DTL_6_L29,java.lang.Double,"#,##0.00_);(#,##0.00)"
INVENTORY_DTL_6,M29,INVENTORY_DTL_6_M29,java.lang.Double,"#,##0.00_);(#,##0.00)"
INVENTORY_DTL_6,M30,INVENTORY_DTL_6_M30,java.lang.Double,"#,##0.00_);(#,##0.00)"
INVENTORY_DTL_6,E31,INVENTORY_DTL_6_E31,java.lang.Double,"#,##0.00_);(#,##0.00)"
INVENTORY_DTL_6,F31,INVENTORY_DTL_6_F31,java.lang.Double,"#,##0.00_);(#,##0.00)"
INVENTORY_DTL_6,G31,INVENTORY_DTL_6_G31,java.lang.Double,"#,##0.00_);(#,##0.00)"
INVENTORY_DTL_6,H31,INVENTORY_DTL_6_H31,java.lang.Double,"#,##0.00_);(#,##0.00)"
INVENTORY_DTL_6,I31,INVENTORY_DTL_6_I31,java.lang.Double,"#,##0.00_);(#,##0.00)"
INVENTORY_DTL_6,J31,INVENTORY_DTL_6_J31,java.lang.Double,"#,##0.00_);(#,##0.00)"
INVENTORY_DTL_6,K31,INVENTORY_DTL_6_K31,java.lang.Double,"#,##0.00_);(#,##0.00)"
INVENTORY_DTL_6,L31,INVENTORY_DTL_6_L31,java.lang.Double,"#,##0.00_);(#,##0.00)"
REGALIA_SALES_DTL_7,C2,REGALIA_SALES_DTL_7_C2,java.lang.String,General
REGALIA_SALES_DTL_7,C3,REGALIA_SALES_DTL_7_C3,java.lang.String,General
REGALIA_SALES_DTL_7,C4,REGALIA_SALES_DTL_7_C4,java.lang.String,General
REGALIA_SALES_DTL_7,C6,REGALIA_SALES_DTL_7_C6,java.lang.String,General
REGALIA_SALES_DTL_7,I20,REGALIA_SALES_DTL_7_I20,java.lang.Double,"#,##0.00_);(#,##0.00)"
REGALIA_SALES_DTL_7,I21,REGALIA_SALES_DTL_7_I21,java.lang.Double,"#,##0.00_);(#,##0.00)"
REGALIA_SALES_DTL_7,I22,REGALIA_SALES_DTL_7_I22,java.lang.Double,"#,##0.00_);(#,##0.00)"
REGALIA_SALES_DTL_7,I23,REGALIA_SALES_DTL_7_I23,java.lang.Double,"#,##0.00_);(#,##0.00)"
REGALIA_SALES_DTL_7,I24,REGALIA_SALES_DTL_7_I24,java.lang.Double,"#,##0.00_);(#,##0.00)"
REGALIA_SALES_DTL_7,I25,REGALIA_SALES_DTL_7_I25,java.lang.Double,"#,##0.00_);(#,##0.00)"
REGALIA_SALES_DTL_7,I26,REGALIA_SALES_DTL_7_I26,java.lang.Double,"#,##0.00_);(#,##0.00)"
REGALIA_SALES_DTL_7,I27,REGALIA_SALES_DTL_7_I27,java.lang.Double,"#,##0.00_);(#,##0.00)"
REGALIA_SALES_DTL_7,I28,REGALIA_SALES_DTL_7_I28,java.lang.Double,"#,##0.00_);(#,##0.00)"
REGALIA_SALES_DTL_7,I29,REGALIA_SALES_DTL_7_I29,java.lang.Double,"#,##0.00_);(#,##0.00)"
REGALIA_SALES_DTL_7,I30,REGALIA_SALES_DTL_7_I30,java.lang.Double,"#,##0.00_);(#,##0.00)"
REGALIA_SALES_DTL_7,I31,REGALIA_SALES_DTL_7_I31,java.lang.Double,"#,##0.00_);(#,##0.00)"
REGALIA_SALES_DTL_7,F32,REGALIA_SALES_DTL_7_F32,java.lang.Double,"#,##0.00_);(#,##0.00)"
REGALIA_SALES_DTL_7,H32,REGALIA_SALES_DTL_7_H32,java.lang.Double,"#,##0.00_);(#,##0.00)"
REGALIA_SALES_DTL_7,I32,REGALIA_SALES_DTL_7_I32,java.lang.Double,"#,##0.00_);(#,##0.00)"
REGALIA_SALES_DTL_7,I47,REGALIA_SALES_DTL_7_I47,java.lang.Double,"#,##0.00_);(#,##0.00)"
REGALIA_SALES_DTL_7,H49,REGALIA_SALES_DTL_7_H49,java.lang.Double,"#,##0.00_);(#,##0.00)"
REGALIA_SALES_DTL_7,H50,REGALIA_SALES_DTL_7_H50,java.lang.Double,"#,##0.00_);(#,##0.00)"
REGALIA_SALES_DTL_7,H51,REGALIA_SALES_DTL_7_H51,java.lang.Double,"#,##0.00_);(#,##0.00)"
REGALIA_SALES_DTL_7,H52,REGALIA_SALES_DTL_7_H52,java.lang.Double,"#,##0.00_);(#,##0.00)"
REGALIA_SALES_DTL_7,I52,REGALIA_SALES_DTL_7_I52,java.lang.Double,"#,##0.00_);(#,##0.00)"
REGALIA_SALES_DTL_7,I53,REGALIA_SALES_DTL_7_I53,java.lang.Double,"#,##0.00_);(#,##0.00)"
DEPR_DTL_8,D2,DEPR_DTL_8_D2,java.lang.String,General
DEPR_DTL_8,D3,DEPR_DTL_8_D3,java.lang.String,General
DEPR_DTL_8,D4,DEPR_DTL_8_D4,java.lang.String,General
DEPR_DTL_8,D6,DEPR_DTL_8_D6,java.lang.String,General
DEPR_DTL_8,H14,DEPR_DTL_8_H14,java.lang.Double,0.00%
DEPR_DTL_8,I14,DEPR_DTL_8_I14,java.lang.Double,"#,##0.00_);(#,##0.00)"
DEPR_DTL_8,K14,DEPR_DTL_8_K14,java.lang.Double,"#,##0.00_);(#,##0.00)"
DEPR_DTL_8,L14,DEPR_DTL_8_L14,java.lang.Double,"#,##0.00_);(#,##0.00)"
DEPR_DTL_8,M14,DEPR_DTL_8_M14,java.lang.Double,"#,##0.00_);(#,##0.00)"
DEPR_DTL_8,H15,DEPR_DTL_8_H15,java.lang.Double,0.00%
DEPR_DTL_8,I15,DEPR_DTL_8_I15,java.lang.Double,"#,##0.00_);(#,##0.00)"
DEPR_DTL_8,K15,DEPR_DTL_8_K15,java.lang.Double,"#,##0.00_);(#,##0.00)"
DEPR_DTL_8,L15,DEPR_DTL_8_L15,java.lang.Double,"#,##0.00_);(#,##0.00)"
DEPR_DTL_8,M15,DEPR_DTL_8_M15,java.lang.Double,"#,##0.00_);(#,##0.00)"
DEPR_DTL_8,H16,DEPR_DTL_8_H16,java.lang.Double,0.00%
DEPR_DTL_8,I16,DEPR_DTL_8_I16,java.lang.Double,"#,##0.00_);(#,##0.00)"
DEPR_DTL_8,K16,DEPR_DTL_8_K16,java.lang.Double,"#,##0.00_);(#,##0.00)"
DEPR_DTL_8,L16,DEPR_DTL_8_L16,java.lang.Double,"#,##0.00_);(#,##0.00)"
DEPR_DTL_8,M16,DEPR_DTL_8_M16,java.lang.Double,"#,##0.00_);(#,##0.00)"
DEPR_DTL_8,H17,DEPR_DTL_8_H17,java.lang.Double,0.00%
DEPR_DTL_8,I17,DEPR_DTL_8_I17,java.lang.Double,"#,##0.00_);(#,##0.00)"
DEPR_DTL_8,K17,DEPR_DTL_8_K17,java.lang.Double,"#,##0.00_);(#,##0.00)"
DEPR_DTL_8,L17,DEPR_DTL_8_L17,java.lang.Double,"#,##0.00_);(#,##0.00)"
DEPR_DTL_8,M17,DEPR_DTL_8_M17,java.lang.Double,"#,##0.00_);(#,##0.00)"
DEPR_DTL_8,H18,DEPR_DTL_8_H18,java.lang.Double,0.00%
DEPR_DTL_8,I18,DEPR_DTL_8_I18,java.lang.Double,"#,##0.00_);(#,##0.00)"
DEPR_DTL_8,K18,DEPR_DTL_8_K18,java.lang.Double,"#,##0.00_);(#,##0.00)"
DEPR_DTL_8,L18,DEPR_DTL_8_L18,java.lang.Double,"#,##0.00_);(#,##0.00)"
DEPR_DTL_8,M18,DEPR_DTL_8_M18,java.lang.Double,"#,##0.00_);(#,##0.00)"
DEPR_DTL_8,H19,DEPR_DTL_8_H19,java.lang.Double,0.00%
DEPR_DTL_8,I19,DEPR_DTL_8_I19,java.lang.Double,"#,##0.00_);(#,##0.00)"
DEPR_DTL_8,K19,DEPR_DTL_8_K19,java.lang.Double,"#,##0.00_);(#,##0.00)"
DEPR_DTL_8,L19,DEPR_DTL_8_L19,java.lang.Double,"#,##0.00_);(#,##0.00)"
DEPR_DTL_8,M19,DEPR_DTL_8_M19,java.lang.Double,"#,##0.00_);(#,##0.00)"
DEPR_DTL_8,H20,DEPR_DTL_8_H20,java.lang.Double,0.00%
DEPR_DTL_8,I20,DEPR_DTL_8_I20,java.lang.Double,"#,##0.00_);(#,##0.00)"
DEPR_DTL_8,K20,DEPR_DTL_8_K20,java.lang.Double,"#,##0.00_);(#,##0.00)"
DEPR_DTL_8,L20,DEPR_DTL_8_L20,java.lang.Double,"#,##0.00_);(#,##0.00)"
DEPR_DTL_8,M20,DEPR_DTL_8_M20,java.lang.Double,"#,##0.00_);(#,##0.00)"
DEPR_DTL_8,H21,DEPR_DTL_8_H21,java.lang.Double,0.00%
DEPR_DTL_8,I21,DEPR_DTL_8_I21,java.lang.Double,"#,##0.00_);(#,##0.00)"
DEPR_DTL_8,K21,DEPR_DTL_8_K21,java.lang.Double,"#,##0.00_);(#,##0.00)"
DEPR_DTL_8,L21,DEPR_DTL_8_L21,java.lang.Double,"#,##0.00_);(#,##0.00)"
DEPR_DTL_8,M21,DEPR_DTL_8_M21,java.lang.Double,"#,##0.00_);(#,##0.00)"
DEPR_DTL_8,H22,DEPR_DTL_8_H22,java.lang.Double,0.00%
DEPR_DTL_8,I22,DEPR_DTL_8_I22,java.lang.Double,"#,##0.00_);(#,##0.00)"
DEPR_DTL_8,K22,DEPR_DTL_8_K22,java.lang.Double,"#,##0.00_);(#,##0.00)"
DEPR_DTL_8,L22,DEPR_DTL_8_L22,java.lang.Double,"#,##0.00_);(#,##0.00)"
DEPR_DTL_8,M22,DEPR_DTL_8_M22,java.lang.Double,"#,##0.00_);(#,##0.00)"
DEPR_DTL_8,H23,DEPR_DTL_8_H23,java.lang.Double,0.00%
DEPR_DTL_8,I23,DEPR_DTL_8_I23,java.lang.Double,"#,##0.00_);(#,##0.00)"
DEPR_DTL_8,K23,DEPR_DTL_8_K23,java.lang.Double,"#,##0.00_);(#,##0.00)"
DEPR_DTL_8,L23,DEPR_DTL_8_L23,java.lang.Double,"#,##0.00_);(#,##0.00)"
DEPR_DTL_8,M23,DEPR_DTL_8_M23,java.lang.Double,"#,##0.00_);(#,##0.00)"
DEPR_DTL_8,I24,DEPR_DTL_8_I24,java.lang.Double,"#,##0.00_);(#,##0.00)"
DEPR_DTL_8,J24,DEPR_DTL_8_J24,java.lang.Double,"#,##0.00_);(#,##0.00)"
DEPR_DTL_8,K24,DEPR_DTL_8_K24,java.lang.Double,"#,##0.00_);(#,##0.00)"
DEPR_DTL_8,L24,DEPR_DTL_8_L24,java.lang.Double,"#,##0.00_);(#,##0.00)"
DEPR_DTL_8,M24,DEPR_DTL_8_M24,java.lang.Double,"#,##0.00_);(#,##0.00)"
DEPR_DTL_8,H26,DEPR_DTL_8_H26,java.lang.String,General
DEPR_DTL_8,I26,DEPR_DTL_8_I26,java.lang.String,General
DEPR_DTL_8,J26,DEPR_DTL_8_J26,java.lang.String,General
DEPR_DTL_8,K26,DEPR_DTL_8_K26,java.lang.String,General
DEPR_DTL_8,L26,DEPR_DTL_8_L26,java.lang.String,General
DEPR_DTL_8,M26,DEPR_DTL_8_M26,java.lang.String,General
DEPR_DTL_8,H32,DEPR_DTL_8_H32,java.lang.Double,0.00%
DEPR_DTL_8,I32,DEPR_DTL_8_I32,java.lang.Double,"#,##0.00_);(#,##0.00)"
DEPR_DTL_8,K32,DEPR_DTL_8_K32,java.lang.Double,"#,##0.00_);(#,##0.00)"
DEPR_DTL_8,L32,DEPR_DTL_8_L32,java.lang.Double,"#,##0.00_);(#,##0.00)"
DEPR_DTL_8,M32,DEPR_DTL_8_M32,java.lang.Double,"#,##0.00_);(#,##0.00)"
DEPR_DTL_8,H33,DEPR_DTL_8_H33,java.lang.Double,0.00%
DEPR_DTL_8,I33,DEPR_DTL_8_I33,java.lang.Double,"#,##0.00_);(#,##0.00)"
DEPR_DTL_8,K33,DEPR_DTL_8_K33,java.lang.Double,"#,##0.00_);(#,##0.00)"
DEPR_DTL_8,L33,DEPR_DTL_8_L33,java.lang.Double,"#,##0.00_);(#,##0.00)"
DEPR_DTL_8,M33,DEPR_DTL_8_M33,java.lang.Double,"#,##0.00_);(#,##0.00)"
DEPR_DTL_8,H34,DEPR_DTL_8_H34,java.lang.Double,0.00%
DEPR_DTL_8,I34,DEPR_DTL_8_I34,java.lang.Double,"#,##0.00_);(#,##0.00)"
DEPR_DTL_8,K34,DEPR_DTL_8_K34,java.lang.Double,"#,##0.00_);(#,##0.00)"
DEPR_DTL_8,L34,DEPR_DTL_8_L34,java.lang.Double,"#,##0.00_);(#,##0.00)"
DEPR_DTL_8,M34,DEPR_DTL_8_M34,java.lang.Double,"#,##0.00_);(#,##0.00)"
DEPR_DTL_8,H35,DEPR_DTL_8_H35,java.lang.Double,0.00%
DEPR_DTL_8,I35,DEPR_DTL_8_I35,java.lang.Double,"#,##0.00_);(#,##0.00)"
DEPR_DTL_8,K35,DEPR_DTL_8_K35,java.lang.Double,"#,##0.00_);(#,##0.00)"
DEPR_DTL_8,L35,DEPR_DTL_8_L35,java.lang.Double,"#,##0.00_);(#,##0.00)"
DEPR_DTL_8,M35,DEPR_DTL_8_M35,java.lang.Double,"#,##0.00_);(#,##0.00)"
DEPR_DTL_8,H36,DEPR_DTL_8_H36,java.lang.Double,0.00%
DEPR_DTL_8,I36,DEPR_DTL_8_I36,java.lang.Double,"#,##0.00_);(#,##0.00)"
DEPR_DTL_8,K36,DEPR_DTL_8_K36,java.lang.Double,"#,##0.00_);(#,##0.00)"
DEPR_DTL_8,L36,DEPR_DTL_8_L36,java.lang.Double,"#,##0.00_);(#,##0.00)"
DEPR_DTL_8,M36,DEPR_DTL_8_M36,java.lang.Double,"#,##0.00_);(#,##0.00)"
DEPR_DTL_8,H37,DEPR_DTL_8_H37,java.lang.Double,0.00%
DEPR_DTL_8,I37,DEPR_DTL_8_I37,java.lang.Double,"#,##0.00_);(#,##0.00)"
DEPR_DTL_8,K37,DEPR_DTL_8_K37,java.lang.Double,"#,##0.00_);(#,##0.00)"
DEPR_DTL_8,L37,DEPR_DTL_8_L37,java.lang.Double,"#,##0.00_);(#,##0.00)"
DEPR_DTL_8,M37,DEPR_DTL_8_M37,java.lang.Double,"#,##0.00_);(#,##0.00)"
DEPR_DTL_8,H38,DEPR_DTL_8_H38,java.lang.Double,0.00%
DEPR_DTL_8,I38,DEPR_DTL_8_I38,java.lang.Double,"#,##0.00_);(#,##0.00)"
DEPR_DTL_8,K38,DEPR_DTL_8_K38,java.lang.Double,"#,##0.00_);(#,##0.00)"
DEPR_DTL_8,L38,DEPR_DTL_8_L38,java.lang.Double,"#,##0.00_);(#,##0.00)"
DEPR_DTL_8,M38,DEPR_DTL_8_M38,java.lang.Double,"#,##0.00_);(#,##0.00)"
DEPR_DTL_8,H39,DEPR_DTL_8_H39,java.lang.Double,0.00%
DEPR_DTL_8,I39,DEPR_DTL_8_I39,java.lang.Double,"#,##0.00_);(#,##0.00)"
DEPR_DTL_8,K39,DEPR_DTL_8_K39,java.lang.Double,"#,##0.00_);(#,##0.00)"
DEPR_DTL_8,L39,DEPR_DTL_8_L39,java.lang.Double,"#,##0.00_);(#,##0.00)"
DEPR_DTL_8,M39,DEPR_DTL_8_M39,java.lang.Double,"#,##0.00_);(#,##0.00)"
DEPR_DTL_8,H40,DEPR_DTL_8_H40,java.lang.Double,0.00%
DEPR_DTL_8,I40,DEPR_DTL_8_I40,java.lang.Double,"#,##0.00_);(#,##0.00)"
DEPR_DTL_8,K40,DEPR_DTL_8_K40,java.lang.Double,"#,##0.00_);(#,##0.00)"
DEPR_DTL_8,L40,DEPR_DTL_8_L40,java.lang.Double,"#,##0.00_);(#,##0.00)"
DEPR_DTL_8,M40,DEPR_DTL_8_M40,java.lang.Double,"#,##0.00_);(#,##0.00)"
DEPR_DTL_8,H41,DEPR_DTL_8_H41,java.lang.Double,0.00%
DEPR_DTL_8,I41,DEPR_DTL_8_I41,java.lang.Double,"#,##0.00_);(#,##0.00)"
DEPR_DTL_8,K41,DEPR_DTL_8_K41,java.lang.Double,"#,##0.00_);(#,##0.00)"
DEPR_DTL_8,L41,DEPR_DTL_8_L41,java.lang.Double,"#,##0.00_);(#,##0.00)"
DEPR_DTL_8,M41,DEPR_DTL_8_M41,java.lang.Double,"#,##0.00_);(#,##0.00)"
DEPR_DTL_8,I42,DEPR_DTL_8_I42,java.lang.Double,"#,##0.00_);(#,##0.00)"
DEPR_DTL_8,J42,DEPR_DTL_8_J42,java.lang.Double,"#,##0.00_);(#,##0.00)"
DEPR_DTL_8,K42,DEPR_DTL_8_K42,java.lang.Double,"#,##0.00_);(#,##0.00)"
DEPR_DTL_8,L42,DEPR_DTL_8_L42,java.lang.Double,"#,##0.00_);(#,##0.00)"
DEPR_DTL_8,M42,DEPR_DTL_8_M42,java.lang.Double,"#,##0.00_);(#,##0.00)"
DEPR_DTL_8,F44,DEPR_DTL_8_F44,java.lang.String,General
DEPR_DTL_8,G44,DEPR_DTL_8_G44,java.lang.String,General
DEPR_DTL_8,H44,DEPR_DTL_8_H44,java.lang.String,General
DEPR_DTL_8,I44,DEPR_DTL_8_I44,java.lang.String,General
DEPR_DTL_8,J44,DEPR_DTL_8_J44,java.lang.String,General
DEPR_DTL_8,K44,DEPR_DTL_8_K44,java.lang.String,General
DEPR_DTL_8,L44,DEPR_DTL_8_L44,java.lang.String,General
DEPR_DTL_8,M44,DEPR_DTL_8_M44,java.lang.String,General
DEPR_DTL_8,I47,DEPR_DTL_8_I47,java.lang.Double,"#,##0.00_);(#,##0.00)"
DEPR_DTL_8,J47,DEPR_DTL_8_J47,java.lang.Double,"#,##0.00_);(#,##0.00)"
DEPR_DTL_8,K47,DEPR_DTL_8_K47,java.lang.Double,"#,##0.00_);(#,##0.00)"
DEPR_DTL_8,L47,DEPR_DTL_8_L47,java.lang.Double,"#,##0.00_);(#,##0.00)"
DEPR_DTL_8,M47,DEPR_DTL_8_M47,java.lang.Double,"#,##0.00_);(#,##0.00)"
TRANSFER_IN_9,C2,TRANSFER_IN_9_C2,java.lang.String,General
TRANSFER_IN_9,C3,TRANSFER_IN_9_C3,java.lang.String,General
TRANSFER_IN_9,C4,TRANSFER_IN_9_C4,java.lang.String,General
TRANSFER_IN_9,C6,TRANSFER_IN_9_C6,java.lang.String,General
TRANSFER_IN_9,F38,TRANSFER_IN_9_F38,java.lang.Double,"#,##0.00_);(#,##0.00)"
TRANSFER_IN_9,F58,TRANSFER_IN_9_F58,java.lang.Double,"#,##0.00_);(#,##0.00)"
TRANSFER_OUT_10,C2,TRANSFER_OUT_10_C2,java.lang.String,General
TRANSFER_OUT_10,C3,TRANSFER_OUT_10_C3,java.lang.String,General
TRANSFER_OUT_10,C4,TRANSFER_OUT_10_C4,java.lang.String,General
TRANSFER_OUT_10,C6,TRANSFER_OUT_10_C6,java.lang.String,General
TRANSFER_OUT_10,F25,TRANSFER_OUT_10_F25,java.lang.Double,"#,##0.00_);(#,##0.00)"
TRANSFER_OUT_10,F39,TRANSFER_OUT_10_F39,java.lang.Double,"#,##0.00_);(#,##0.00)"
TRANSFER_OUT_10,F51,TRANSFER_OUT_10_F51,java.lang.Double,"#,##0.00_);(#,##0.00)"
TRANSFER_OUT_10,F52,TRANSFER_OUT_10_F52,java.lang.Double,"#,##0.00_);(#,##0.00)"
INCOME_DTL_11a,C2,INCOME_DTL_11a_C2,java.lang.String,General
INCOME_DTL_11a,C3,INCOME_DTL_11a_C3,java.lang.String,General
INCOME_DTL_11a,C4,INCOME_DTL_11a_C4,java.lang.String,General
INCOME_DTL_11a,C6,INCOME_DTL_11a_C6,java.lang.String,General
INCOME_DTL_11a,E20,INCOME_DTL_11a_E20,java.lang.Double,"#,##0.00_);(#,##0.00)"
INCOME_DTL_11a,E30,INCOME_DTL_11a_E30,java.lang.Double,"#,##0.00_);(#,##0.00)"
INCOME_DTL_11a,E34,INCOME_DTL_11a_E34,java.lang.Double,"#,##0.00_);(#,##0.00)"
INCOME_DTL_11a,E36,INCOME_DTL_11a_E36,java.lang.Double,"#,##0.00_);(#,##0.00)"
INCOME_DTL_11a,E52,INCOME_DTL_11a_E52,java.lang.Double,"#,##0.00_);(#,##0.00)"
INCOME_DTL_11b,C2,INCOME_DTL_11b_C2,java.lang.String,General
INCOME_DTL_11b,C3,INCOME_DTL_11b_C3,java.lang.String,General
INCOME_DTL_11b,C4,INCOME_DTL_11b_C4,java.lang.String,General
INCOME_DTL_11b,C6,INCOME_DTL_11b_C6,java.lang.String,General
INCOME_DTL_11b,G12,INCOME_DTL_11b_G12,java.lang.Double,"#,##0.00_);(#,##0.00)"
INCOME_DTL_11b,G13,INCOME_DTL_11b_G13,java.lang.Double,"#,##0.00_);(#,##0.00)"
INCOME_DTL_11b,G14,INCOME_DTL_11b_G14,java.lang.Double,"#,##0.00_);(#,##0.00)"
INCOME_DTL_11b,G15,INCOME_DTL_11b_G15,java.lang.Double,"#,##0.00_);(#,##0.00)"
INCOME_DTL_11b,G16,INCOME_DTL_11b_G16,java.lang.Double,"#,##0.00_);(#,##0.00)"
INCOME_DTL_11b,G17,INCOME_DTL_11b_G17,java.lang.Double,"#,##0.00_);(#,##0.00)"
INCOME_DTL_11b,G18,INCOME_DTL_11b_G18,java.lang.Double,"#,##0.00_);(#,##0.00)"
INCOME_DTL_11b,G19,INCOME_DTL_11b_G19,java.lang.Double,"#,##0.00_);(#,##0.00)"
INCOME_DTL_11b,G20,INCOME_DTL_11b_G20,java.lang.Double,"#,##0.00_);(#,##0.00)"
INCOME_DTL_11b,G21,INCOME_DTL_11b_G21,java.lang.Double,"#,##0.00_);(#,##0.00)"
INCOME_DTL_11b,G22,INCOME_DTL_11b_G22,java.lang.Double,"#,##0.00_);(#,##0.00)"
INCOME_DTL_11b,G23,INCOME_DTL_11b_G23,java.lang.Double,"#,##0.00_);(#,##0.00)"
INCOME_DTL_11b,G24,INCOME_DTL_11b_G24,java.lang.Double,"#,##0.00_);(#,##0.00)"
INCOME_DTL_11b,G25,INCOME_DTL_11b_G25,java.lang.Double,"#,##0.00_);(#,##0.00)"
INCOME_DTL_11b,G26,INCOME_DTL_11b_G26,java.lang.Double,"#,##0.00_);(#,##0.00)"
INCOME_DTL_11b,G27,INCOME_DTL_11b_G27,java.lang.Double,"#,##0.00_);(#,##0.00)"
INCOME_DTL_11b,G29,INCOME_DTL_11b_G29,java.lang.Double,"#,##0.00_);(#,##0.00)"
INCOME_DTL_11b,G30,INCOME_DTL_11b_G30,java.lang.Double,"#,##0.00_);(#,##0.00)"
INCOME_DTL_11b,G31,INCOME_DTL_11b_G31,java.lang.Double,"#,##0.00_);(#,##0.00)"
INCOME_DTL_11b,G32,INCOME_DTL_11b_G32,java.lang.Double,"#,##0.00_);(#,##0.00)"
INCOME_DTL_11b,G33,INCOME_DTL_11b_G33,java.lang.Double,"#,##0.00_);(#,##0.00)"
INCOME_DTL_11b,G34,INCOME_DTL_11b_G34,java.lang.Double,"#,##0.00_);(#,##0.00)"
INCOME_DTL_11b,G35,INCOME_DTL_11b_G35,java.lang.Double,"#,##0.00_);(#,##0.00)"
INCOME_DTL_11b,G36,INCOME_DTL_11b_G36,java.lang.Double,"#,##0.00_);(#,##0.00)"
INCOME_DTL_11b,G37,INCOME_DTL_11b_G37,java.lang.Double,"#,##0.00_);(#,##0.00)"
INCOME_DTL_11b,G40,INCOME_DTL_11b_G40,java.lang.Double,"#,##0.00_);(#,##0.00)"
INCOME_DTL_11b,G41,INCOME_DTL_11b_G41,java.lang.Double,"#,##0.00_);(#,##0.00)"
INCOME_DTL_11b,G42,INCOME_DTL_11b_G42,java.lang.Double,"#,##0.00_);(#,##0.00)"
INCOME_DTL_11b,E43,INCOME_DTL_11b_E43,java.lang.Double,"#,##0.00_);(#,##0.00)"
INCOME_DTL_11b,F43,INCOME_DTL_11b_F43,java.lang.Double,"#,##0.00_);(#,##0.00)"
INCOME_DTL_11b,G43,INCOME_DTL_11b_G43,java.lang.Double,"#,##0.00_);(#,##0.00)"
INCOME_DTL_11b,G56,INCOME_DTL_11b_G56,java.lang.Double,"#,##0.00_);(#,##0.00)"
INCOME_DTL_11c,C2,INCOME_DTL_11c_C2,java.lang.String,General
INCOME_DTL_11c,C3,INCOME_DTL_11c_C3,java.lang.String,General
INCOME_DTL_11c,C4,INCOME_DTL_11c_C4,java.lang.String,General
INCOME_DTL_11c,C6,INCOME_DTL_11c_C6,java.lang.String,General
INCOME_DTL_11c,G24,INCOME_DTL_11c_G24,java.lang.Double,"#,##0.00_);(#,##0.00)"
INCOME_DTL_11c,G66,INCOME_DTL_11c_G66,java.lang.Double,"#,##0.00_);(#,##0.00)"
EXPENSE_DTL_12a,C2,EXPENSE_DTL_12a_C2,java.lang.String,General
EXPENSE_DTL_12a,C3,EXPENSE_DTL_12a_C3,java.lang.String,General
EXPENSE_DTL_12a,C4,EXPENSE_DTL_12a_C4,java.lang.String,General
EXPENSE_DTL_12a,C6,EXPENSE_DTL_12a_C6,java.lang.String,General
EXPENSE_DTL_12a,F23,EXPENSE_DTL_12a_F23,java.lang.Double,"#,##0.00_);(#,##0.00)"
EXPENSE_DTL_12a,F39,EXPENSE_DTL_12a_F39,java.lang.Double,"#,##0.00_);(#,##0.00)"
EXPENSE_DTL_12a,F55,EXPENSE_DTL_12a_F55,java.lang.Double,"#,##0.00_);(#,##0.00)"
EXPENSE_DTL_12b,C2,EXPENSE_DTL_12b_C2,java.lang.String,General
EXPENSE_DTL_12b,B3,EXPENSE_DTL_12b_B3,java.lang.String,General
EXPENSE_DTL_12b,B4,EXPENSE_DTL_12b_B4,java.lang.String,General
EXPENSE_DTL_12b,B6,EXPENSE_DTL_12b_B6,java.lang.String,General
EXPENSE_DTL_12b,I16,EXPENSE_DTL_12b_I16,java.lang.Double,"#,##0.00_);(#,##0.00)"
EXPENSE_DTL_12b,I27,EXPENSE_DTL_12b_I27,java.lang.Double,"#,##0.00_);(#,##0.00)"
EXPENSE_DTL_12b,I56,EXPENSE_DTL_12b_I56,java.lang.Double,"#,##0.00_);(#,##0.00)"
FINANCE_COMM_13,C2,FINANCE_COMM_13_C2,java.lang.String,General
FINANCE_COMM_13,C3,FINANCE_COMM_13_C3,java.lang.String,General
FINANCE_COMM_13,C4,FINANCE_COMM_13_C4,java.lang.String,General
FINANCE_COMM_13,C6,FINANCE_COMM_13_C6,java.lang.String,General
FINANCE_COMM_13,D17,FINANCE_COMM_13_D17,java.lang.String,General
FINANCE_COMM_13,D19,FINANCE_COMM_13_D19,java.lang.String,General
FINANCE_COMM_13,E19,FINANCE_COMM_13_E19,java.lang.Double,0
FINANCE_COMM_13,F19,FINANCE_COMM_13_F19,java.lang.String,mmm/yyyy
FINANCE_COMM_13,D20,FINANCE_COMM_13_D20,java.lang.String,General
FINANCE_COMM_13,C60,FINANCE_COMM_13_C60,java.lang.String,General
FUNDS_14,C2,FUNDS_14_C2,java.lang.String,General
FUNDS_14,C3,FUNDS_14_C3,java.lang.String,General
FUNDS_14,C4,FUNDS_14_C4,java.lang.String,General
FUNDS_14,D6,FUNDS_14_D6,java.lang.String,General
FUNDS_14,F11,FUNDS_14_F11,java.lang.Double,"#,##0.00_);(#,##0.00)"
FUNDS_14,F56,FUNDS_14_F56,java.lang.Double,"#,##0.00_);(#,##0.00)"
NEWSLETTER_15,C2,NEWSLETTER_15_C2,java.lang.String,General
NEWSLETTER_15,C3,NEWSLETTER_15_C3,java.lang.String,General
NEWSLETTER_15,C4,NEWSLETTER_15_C4,java.lang.String,General
NEWSLETTER_15,C6,NEWSLETTER_15_C6,java.lang.String,General
NEWSLETTER_15,E14,NEWSLETTER_15_E14,java.lang.Double,"_(""$""* #,##0.00_);_(""$""* \(#,##0.00\);_(""$""* "" ""??_);_(@_)"
NEWSLETTER_15,E15,NEWSLETTER_15_E15,java.lang.Double,"_(""$""* #,##0.00_);_(""$""* \(#,##0.00\);_(""$""* "" ""??_);_(@_)"
NEWSLETTER_15,E16,NEWSLETTER_15_E16,java.lang.Double,"_(""$""* #,##0.00_);_(""$""* \(#,##0.00\);_(""$""* "" ""??_);_(@_)"
NEWSLETTER_15,E17,NEWSLETTER_15_E17,java.lang.Double,"_(""$""* #,##0.00_);_(""$""* \(#,##0.00\);_(""$""* "" ""??_);_(@_)"
NEWSLETTER_15,H17,NEWSLETTER_15_H17,java.lang.Double,"_(""$""* #,##0.00_);_(""$""* \(#,##0.00\);_(""$""* "" ""??_);_(@_)"
NEWSLETTER_15,I17,NEWSLETTER_15_I17,java.lang.Double,"_(""$""* #,##0.00_);_(""$""* \(#,##0.00\);_(""$""* "" ""??_);_(@_)"
NEWSLETTER_15,F22,NEWSLETTER_15_F22,java.lang.Double,"#,##0.00_);(#,##0.00)"
NEWSLETTER_15,I22,NEWSLETTER_15_I22,java.lang.Double,"#,##0.00_);(#,##0.00)"
NEWSLETTER_15,C23,NEWSLETTER_15_C23,java.lang.String,General
NEWSLETTER_15,F23,NEWSLETTER_15_F23,java.lang.Double,"#,##0.00_);(#,##0.00)"
NEWSLETTER_15,I23,NEWSLETTER_15_I23,java.lang.Double,"#,##0.00_);(#,##0.00)"
NEWSLETTER_15,C24,NEWSLETTER_15_C24,java.lang.String,General
NEWSLETTER_15,F24,NEWSLETTER_15_F24,java.lang.Double,"#,##0.00_);(#,##0.00)"
NEWSLETTER_15,I24,NEWSLETTER_15_I24,java.lang.Double,"#,##0.00_);(#,##0.00)"
NEWSLETTER_15,C25,NEWSLETTER_15_C25,java.lang.String,General
NEWSLETTER_15,F25,NEWSLETTER_15_F25,java.lang.Double,"#,##0.00_);(#,##0.00)"
NEWSLETTER_15,I25,NEWSLETTER_15_I25,java.lang.Double,"#,##0.00_);(#,##0.00)"
NEWSLETTER_15,C26,NEWSLETTER_15_C26,java.lang.String,General
NEWSLETTER_15,F26,NEWSLETTER_15_F26,java.lang.Double,"#,##0.00_);(#,##0.00)"
NEWSLETTER_15,I26,NEWSLETTER_15_I26,java.lang.Double,"#,##0.00_);(#,##0.00)"
NEWSLETTER_15,C27,NEWSLETTER_15_C27,java.lang.String,General
NEWSLETTER_15,F27,NEWSLETTER_15_F27,java.lang.Double,"#,##0.00_);(#,##0.00)"
NEWSLETTER_15,I27,NEWSLETTER_15_I27,java.lang.Double,"#,##0.00_);(#,##0.00)"
NEWSLETTER_15,C28,NEWSLETTER_15_C28,java.lang.String,General
NEWSLETTER_15,F28,NEWSLETTER_15_F28,java.lang.Double,"#,##0.00_);(#,##0.00)"
NEWSLETTER_15,I28,NEWSLETTER_15_I28,java.lang.Double,"#,##0.00_);(#,##0.00)"
NEWSLETTER_15,C29,NEWSLETTER_15_C29,java.lang.String,General
NEWSLETTER_15,F29,NEWSLETTER_15_F29,java.lang.Double,"#,##0.00_);(#,##0.00)"
NEWSLETTER_15,I29,NEWSLETTER_15_I29,java.lang.Double,"#,##0.00_);(#,##0.00)"
NEWSLETTER_15,C30,NEWSLETTER_15_C30,java.lang.String,General
NEWSLETTER_15,F30,NEWSLETTER_15_F30,java.lang.Double,"#,##0.00_);(#,##0.00)"
NEWSLETTER_15,I30,NEWSLETTER_15_I30,java.lang.Double,"#,##0.00_);(#,##0.00)"
NEWSLETTER_15,C31,NEWSLETTER_15_C31,java.lang.String,General
NEWSLETTER_15,F31,NEWSLETTER_15_F31,java.lang.Double,"#,##0.00_);(#,##0.00)"
NEWSLETTER_15,I31,NEWSLETTER_15_I31,java.lang.Double,"#,##0.00_);(#,##0.00)"
NEWSLETTER_15,C32,NEWSLETTER_15_C32,java.lang.String,General
NEWSLETTER_15,F32,NEWSLETTER_15_F32,java.lang.Double,"#,##0.00_);(#,##0.00)"
NEWSLETTER_15,I32,NEWSLETTER_15_I32,java.lang.Double,"#,##0.00_);(#,##0.00)"
NEWSLETTER_15,C33,NEWSLETTER_15_C33,java.lang.String,General
NEWSLETTER_15,F33,NEWSLETTER_15_F33,java.lang.Double,"#,##0.00_);(#,##0.00)"
NEWSLETTER_15,I33,NEWSLETTER_15_I33,java.lang.Double,"#,##0.00_);(#,##0.00)"
NEWSLETTER_15,C34,NEWSLETTER_15_C34,java.lang.String,General
NEWSLETTER_15,F34,NEWSLETTER_15_F34,java.lang.Double,"#,##0.00_);(#,##0.00)"
NEWSLETTER_15,I34,NEWSLETTER_15_I34,java.lang.Double,"#,##0.00_);(#,##0.00)"
NEWSLETTER_15,C35,NEWSLETTER_15_C35,java.lang.String,General
NEWSLETTER_15,F35,NEWSLETTER_15_F35,java.lang.Double,"#,##0.00_);(#,##0.00)"
NEWSLETTER_15,I35,NEWSLETTER_15_I35,java.lang.Double,"#,##0.00_);(#,##0.00)"
NEWSLETTER_15,C36,NEWSLETTER_15_C36,java.lang.String,General
NEWSLETTER_15,F36,NEWSLETTER_15_F36,java.lang.Double,"#,##0.00_);(#,##0.00)"
NEWSLETTER_15,I36,NEWSLETTER_15_I36,java.lang.Double,"#,##0.00_);(#,##0.00)"
NEWSLETTER_15,C37,NEWSLETTER_15_C37,java.lang.String,General
NEWSLETTER_15,F37,NEWSLETTER_15_F37,java.lang.Double,"#,##0.00_);(#,##0.00)"
NEWSLETTER_15,I37,NEWSLETTER_15_I37,java.lang.Double,"#,##0.00_);(#,##0.00)"
NEWSLETTER_15,C38,NEWSLETTER_15_C38,java.lang.String,General
NEWSLETTER_15,F38,NEWSLETTER_15_F38,java.lang.Double,"#,##0.00_);(#,##0.00)"
NEWSLETTER_15,I38,NEWSLETTER_15_I38,java.lang.Double,"#,##0.00_);(#,##0.00)"
NEWSLETTER_15,C39,NEWSLETTER_15_C39,java.lang.String,General
NEWSLETTER_15,F39,NEWSLETTER_15_F39,java.lang.Double,"#,##0.00_);(#,##0.00)"
NEWSLETTER_15,I39,NEWSLETTER_15_I39,java.lang.Double,"#,##0.00_);(#,##0.00)"
NEWSLETTER_15,C40,NEWSLETTER_15_C40,java.lang.String,General
NEWSLETTER_15,F40,NEWSLETTER_15_F40,java.lang.Double,"#,##0.00_);(#,##0.00)"
NEWSLETTER_15,I40,NEWSLETTER_15_I40,java.lang.Double,"#,##0.00_);(#,##0.00)"
NEWSLETTER_15,C41,NEWSLETTER_15_C41,java.lang.String,General
NEWSLETTER_15,F41,NEWSLETTER_15_F41,java.lang.Double,"#,##0.00_);(#,##0.00)"
NEWSLETTER_15,I41,NEWSLETTER_15_I41,java.lang.Double,"#,##0.00_);(#,##0.00)"
NEWSLETTER_15,C42,NEWSLETTER_15_C42,java.lang.String,General
NEWSLETTER_15,F42,NEWSLETTER_15_F42,java.lang.Double,"#,##0.00_);(#,##0.00)"
NEWSLETTER_15,I42,NEWSLETTER_15_I42,java.lang.Double,"#,##0.00_);(#,##0.00)"
NEWSLETTER_15,C43,NEWSLETTER_15_C43,java.lang.String,General
NEWSLETTER_15,F43,NEWSLETTER_15_F43,java.lang.Double,"#,##0.00_);(#,##0.00)"
NEWSLETTER_15,I43,NEWSLETTER_15_I43,java.lang.Double,"#,##0.00_);(#,##0.00)"
NEWSLETTER_15,C44,NEWSLETTER_15_C44,java.lang.String,General
NEWSLETTER_15,F44,NEWSLETTER_15_F44,java.lang.Double,"#,##0.00_);(#,##0.00)"
NEWSLETTER_15,I44,NEWSLETTER_15_I44,java.lang.Double,"#,##0.00_);(#,##0.00)"
NEWSLETTER_15,C45,NEWSLETTER_15_C45,java.lang.String,General
NEWSLETTER_15,F45,NEWSLETTER_15_F45,java.lang.Double,"#,##0.00_);(#,##0.00)"
NEWSLETTER_15,I45,NEWSLETTER_15_I45,java.lang.Double,"#,##0.00_);(#,##0.00)"
NEWSLETTER_15,C46,NEWSLETTER_15_C46,java.lang.String,General
NEWSLETTER_15,F46,NEWSLETTER_15_F46,java.lang.Double,"#,##0.00_);(#,##0.00)"
NEWSLETTER_15,I46,NEWSLETTER_15_I46,java.lang.Double,"#,##0.00_);(#,##0.00)"
NEWSLETTER_15,C47,NEWSLETTER_15_C47,java.lang.String,General
NEWSLETTER_15,F47,NEWSLETTER_15_F47,java.lang.Double,"#,##0.00_);(#,##0.00)"
NEWSLETTER_15,I47,NEWSLETTER_15_I47,java.lang.Double,"#,##0.00_);(#,##0.00)"
NEWSLETTER_15,C48,NEWSLETTER_15_C48,java.lang.String,General
NEWSLETTER_15,F48,NEWSLETTER_15_F48,java.lang.Double,"#,##0.00_);(#,##0.00)"
NEWSLETTER_15,I48,NEWSLETTER_15_I48,java.lang.Double,"#,##0.00_);(#,##0.00)"
NEWSLETTER_15,C49,NEWSLETTER_15_C49,java.lang.String,General
NEWSLETTER_15,F49,NEWSLETTER_15_F49,java.lang.Double,"#,##0.00_);(#,##0.00)"
NEWSLETTER_15,I49,NEWSLETTER_15_I49,java.lang.Double,"#,##0.00_);(#,##0.00)"
NEWSLETTER_15,C50,NEWSLETTER_15_C50,java.lang.String,General
NEWSLETTER_15,F50,NEWSLETTER_15_F50,java.lang.Double,"#,##0.00_);(#,##0.00)"
NEWSLETTER_15,I50,NEWSLETTER_15_I50,java.lang.Double,"#,##0.00_);(#,##0.00)"
NEWSLETTER_15,C51,NEWSLETTER_15_C51,java.lang.String,General
NEWSLETTER_15,F51,NEWSLETTER_15_F51,java.lang.Double,"#,##0.00_);(#,##0.00)"
NEWSLETTER_15,I51,NEWSLETTER_15_I51,java.lang.Double,"#,##0.00_);(#,##0.00)"
NEWSLETTER_15,C52,NEWSLETTER_15_C52,java.lang.String,General
NEWSLETTER_15,F52,NEWSLETTER_15_F52,java.lang.Double,"#,##0.00_);(#,##0.00)"
NEWSLETTER_15,I52,NEWSLETTER_15_I52,java.lang.Double,"#,##0.00_);(#,##0.00)"
NEWSLETTER_15,C53,NEWSLETTER_15_C53,java.lang.String,General
NEWSLETTER_15,F53,NEWSLETTER_15_F53,java.lang.Double,"#,##0.00_);(#,##0.00)"
NEWSLETTER_15,I53,NEWSLETTER_15_I53,java.lang.Double,"#,##0.00_);(#,##0.00)"
NEWSLETTER_15,C54,NEWSLETTER_15_C54,java.lang.String,General
NEWSLETTER_15,F54,NEWSLETTER_15_F54,java.lang.Double,"#,##0.00_);(#,##0.00)"
NEWSLETTER_15,I54,NEWSLETTER_15_I54,java.lang.Double,"#,##0.00_);(#,##0.00)"
NEWSLETTER_15,C55,NEWSLETTER_15_C55,java.lang.String,General
NEWSLETTER_15,F55,NEWSLETTER_15_F55,java.lang.Double,"#,##0.00_);(#,##0.00)"
NEWSLETTER_15,I55,NEWSLETTER_15_I55,java.lang.Double,"#,##0.00_);(#,##0.00)"
NEWSLETTER_15,C56,NEWSLETTER_15_C56,java.lang.String,General
NEWSLETTER_15,F56,NEWSLETTER_15_F56,java.lang.Double,"#,##0.00_);(#,##0.00)"
NEWSLETTER_15,I56,NEWSLETTER_15_I56,java.lang.Double,"#,##0.00_);(#,##0.00)"
NEWSLETTER_15,C57,NEWSLETTER_15_C57,java.lang.String,General
NEWSLETTER_15,F57,NEWSLETTER_15_F57,java.lang.Double,"#,##0.00_);(#,##0.00)"
NEWSLETTER_15,I57,NEWSLETTER_15_I57,java.lang.Double,"#,##0.00_);(#,##0.00)"
NEWSLETTER_15,I59,NEWSLETTER_15_I59,java.lang.Double,"#,##0.00_);(#,##0.00)"
COMMENTS,C2,COMMENTS_C2,java.lang.String,General
COMMENTS,C3,COMMENTS_C3,java.lang.String,General
COMMENTS,C4,COMMENTS_C4,java.lang.String,General
COMMENTS,C6,COMMENTS_C6,java.lang.String,General
SECONDARY_ACCOUNTS_2c,C2,SECONDARY_ACCOUNTS_2c_C2,java.lang.String,General
SECONDARY_ACCOUNTS_2c,C3,SECONDARY_ACCOUNTS_2c_C3,java.lang.String,General
SECONDARY_ACCOUNTS_2c,C4,SECONDARY_ACCOUNTS_2c_C4,java.lang.String,General
SECONDARY_ACCOUNTS_2c,C6,SECONDARY_ACCOUNTS_2c_C6,java.lang.String,General
SECONDARY_ACCOUNTS_2c,I19,SECONDARY_ACCOUNTS_2c_I19,java.lang.String,General
SECONDARY_ACCOUNTS_2c,D22,SECONDARY_ACCOUNTS_2c_D22,java.lang.Double,"#,##0.00_);(#,##0.00)"
SECONDARY_ACCOUNTS_2c,E22,SECONDARY_ACCOUNTS_2c_E22,java.lang.Double,"#,##0.00_);(#,##0.00)"
SECONDARY_ACCOUNTS_2c,F22,SECONDARY_ACCOUNTS_2c_F22,java.lang.Double,"#,##0.00_);(#,##0.00)"
SECONDARY_ACCOUNTS_2c,G22,SECONDARY_ACCOUNTS_2c_G22,java.lang.Double,"#,##0.00_);(#,##0.00)"
SECONDARY_ACCOUNTS_2c,I22,SECONDARY_ACCOUNTS_2c_I22,java.lang.Double,"#,##0.00_);(#,##0.00)"
SECONDARY_ACCOUNTS_2c,D23,SECONDARY_ACCOUNTS_2c_D23,java.lang.Double,"#,##0.00_);(#,##0.00)"
SECONDARY_ACCOUNTS_2c,E23,SECONDARY_ACCOUNTS_2c_E23,java.lang.Double,"#,##0.00_);(#,##0.00)"
SECONDARY_ACCOUNTS_2c,F23,SECONDARY_ACCOUNTS_2c_F23,java.lang.Double,"#,##0.00_);(#,##0.00)"
SECONDARY_ACCOUNTS_2c,G23,SECONDARY_ACCOUNTS_2c_G23,java.lang.Double,"#,##0.00_);(#,##0.00)"
SECONDARY_ACCOUNTS_2c,I23,SECONDARY_ACCOUNTS_2c_I23,java.lang.Double,"#,##0.00_);(#,##0.00)"
SECONDARY_ACCOUNTS_2c,C63,SECONDARY_ACCOUNTS_2c_C63,java.lang.String,General
SECONDARY_ACCOUNTS_2d,C2,SECONDARY_ACCOUNTS_2d_C2,java.lang.String,General
SECONDARY_ACCOUNTS_2d,C3,SECONDARY_ACCOUNTS_2d_C3,java.lang.String,General
SECONDARY_ACCOUNTS_2d,C4,SECONDARY_ACCOUNTS_2d_C4,java.lang.String,General
SECONDARY_ACCOUNTS_2d,C6,SECONDARY_ACCOUNTS_2d_C6,java.lang.String,General
SECONDARY_ACCOUNTS_2d,I19,SECONDARY_ACCOUNTS_2d_I19,java.lang.String,General
SECONDARY_ACCOUNTS_2d,D22,SECONDARY_ACCOUNTS_2d_D22,java.lang.Double,"#,##0.00_);(#,##0.00)"
SECONDARY_ACCOUNTS_2d,E22,SECONDARY_ACCOUNTS_2d_E22,java.lang.Double,"#,##0.00_);(#,##0.00)"
SECONDARY_ACCOUNTS_2d,F22,SECONDARY_ACCOUNTS_2d_F22,java.lang.Double,"#,##0.00_);(#,##0.00)"
SECONDARY_ACCOUNTS_2d,G22,SECONDARY_ACCOUNTS_2d_G22,java.lang.Double,"#,##0.00_);(#,##0.00)"
SECONDARY_ACCOUNTS_2d,I22,SECONDARY_ACCOUNTS_2d_I22,java.lang.Double,"#,##0.00_);(#,##0.00)"
SECONDARY_ACCOUNTS_2d,D23,SECONDARY_ACCOUNTS_2d_D23,java.lang.Double,"#,##0.00_);(#,##0.00)"
SECONDARY_ACCOUNTS_2d,E23,SECONDARY_ACCOUNTS_2d_E23,java.lang.Double,"#,##0.00_);(#,##0.00)"
SECONDARY_ACCOUNTS_2d,F23,SECONDARY_ACCOUNTS_2d_F23,java.lang.Double,"#,##0.00_);(#,##0.00)"
SECONDARY_ACCOUNTS_2d,G23,SECONDARY_ACCOUNTS_2d_G23,java.lang.Double,"#,##0.00_);(#,##0.00)"
SECONDARY_ACCOUNTS_2d,I23,SECONDARY_ACCOUNTS_2d_I23,java.lang.Double,"#,##0.00_);(#,##0.00)"
SECONDARY_ACCOUNTS_2d,C63,SECONDARY_ACCOUNTS_2d_C63,java.lang.String,General
ASSET_DTL_5c,C2,ASSET_DTL_5c_C2,java.lang.String,General
ASSET_DTL_5c,C3,ASSET_DTL_5c_C3,java.lang.String,General
ASSET_DTL_5c,C4,ASSET_DTL_5c_C4,java.lang.String,General
ASSET_DTL_5c,C6,ASSET_DTL_5c_C6,java.lang.String,General
ASSET_DTL_5c,E33,ASSET_DTL_5c_E33,java.lang.Double,"#,##0.00_);(#,##0.00)"
ASSET_DTL_5c,F33,ASSET_DTL_5c_F33,java.lang.Double,"#,##0.00_);(#,##0.00)"
ASSET_DTL_5c,E44,ASSET_DTL_5c_E44,java.lang.Double,"#,##0.00_);(#,##0.00)"
ASSET_DTL_5c,F44,ASSET_DTL_5c_F44,java.lang.Double,"#,##0.00_);(#,##0.00)"
ASSET_DTL_5c,E58,ASSET_DTL_5c_E58,java.lang.Double,"#,##0.00_);(#,##0.00)"
ASSET_DTL_5c,F58,ASSET_DTL_5c_F58,java.lang.Double,"#,##0.00_);(#,##0.00)"
LIABILITY_DTL_5d,C2,LIABILITY_DTL_5d_C2,java.lang.String,General
LIABILITY_DTL_5d,C3,LIABILITY_DTL_5d_C3,java.lang.String,General
LIABILITY_DTL_5d,C4,LIABILITY_DTL_5d_C4,java.lang.String,General
LIABILITY_DTL_5d,C6,LIABILITY_DTL_5d_C6,java.lang.String,General
LIABILITY_DTL_5d,E29,LIABILITY_DTL_5d_E29,java.lang.Double,"#,##0.00_);(#,##0.00)"
LIABILITY_DTL_5d,F29,LIABILITY_DTL_5d_F29,java.lang.Double,"#,##0.00_);(#,##0.00)"
LIABILITY_DTL_5d,E47,LIABILITY_DTL_5d_E47,java.lang.Double,"#,##0.00_);(#,##0.00)"
LIABILITY_DTL_5d,F47,LIABILITY_DTL_5d_F47,java.lang.Double,"#,##0.00_);(#,##0.00)"
LIABILITY_DTL_5d,E56,LIABILITY_DTL_5d_E56,java.lang.Double,"#,##0.00_);(#,##0.00)"
LIABILITY_DTL_5d,F56,LIABILITY_DTL_5d_F56,java.lang.Double,"#,##0.00_);(#,##0.00)"
INVENTORY_DTL_6b,C2,INVENTORY_DTL_6b_C2,java.lang.String,General
INVENTORY_DTL_6b,C3,INVENTORY_DTL_6b_C3,java.lang.String,General
INVENTORY_DTL_6b,C4,INVENTORY_DTL_6b_C4,java.lang.String,General
INVENTORY_DTL_6b,C6,INVENTORY_DTL_6b_C6,java.lang.String,General
INVENTORY_DTL_6b,M17,INVENTORY_DTL_6b_M17,java.lang.Double,"#,##0.00_);(#,##0.00)"
INVENTORY_DTL_6b,E22,INVENTORY_DTL_6b_E22,java.lang.Double,"#,##0.0000000000_);\(#,##0.0000000000\)"
INVENTORY_DTL_6b,F22,INVENTORY_DTL_6b_F22,java.lang.Double,"#,##0.0000000000_);\(#,##0.0000000000\)"
INVENTORY_DTL_6b,G22,INVENTORY_DTL_6b_G22,java.lang.Double,"#,##0.0000000000_);\(#,##0.0000000000\)"
INVENTORY_DTL_6b,H22,INVENTORY_DTL_6b_H22,java.lang.Double,"#,##0.0000000000_);\(#,##0.0000000000\)"
INVENTORY_DTL_6b,I22,INVENTORY_DTL_6b_I22,java.lang.Double,"#,##0.0000000000_);\(#,##0.0000000000\)"
INVENTORY_DTL_6b,J22,INVENTORY_DTL_6b_J22,java.lang.Double,"#,##0.0000000000_);\(#,##0.0000000000\)"
INVENTORY_DTL_6b,K22,INVENTORY_DTL_6b_K22,java.lang.Double,"#,##0.0000000000_);\(#,##0.0000000000\)"
INVENTORY_DTL_6b,L22,INVENTORY_DTL_6b_L22,java.lang.Double,"#,##0.0000000000_);\(#,##0.0000000000\)"
INVENTORY_DTL_6b,E26,INVENTORY_DTL_6b_E26,java.lang.Double,"#,##0"
INVENTORY_DTL_6b,F26,INVENTORY_DTL_6b_F26,java.lang.Double,"#,##0"
INVENTORY_DTL_6b,G26,INVENTORY_DTL_6b_G26,java.lang.Double,"#,##0"
INVENTORY_DTL_6b,H26,INVENTORY_DTL_6b_H26,java.lang.Double,"#,##0"
INVENTORY_DTL_6b,I26,INVENTORY_DTL_6b_I26,java.lang.Double,"#,##0"
INVENTORY_DTL_6b,J26,INVENTORY_DTL_6b_J26,java.lang.Double,"#,##0"
INVENTORY_DTL_6b,K26,INVENTORY_DTL_6b_K26,java.lang.Double,"#,##0"
INVENTORY_DTL_6b,L26,INVENTORY_DTL_6b_L26,java.lang.Double,"#,##0"
INVENTORY_DTL_6b,E27,INVENTORY_DTL_6b_E27,java.lang.Double,"#,##0.00_);(#,##0.00)"
INVENTORY_DTL_6b,F27,INVENTORY_DTL_6b_F27,java.lang.Double,"#,##0.00_);(#,##0.00)"
INVENTORY_DTL_6b,G27,INVENTORY_DTL_6b_G27,java.lang.Double,"#,##0.00_);(#,##0.00)"
INVENTORY_DTL_6b,H27,INVENTORY_DTL_6b_H27,java.lang.Double,"#,##0.00_);(#,##0.00)"
INVENTORY_DTL_6b,I27,INVENTORY_DTL_6b_I27,java.lang.Double,"#,##0.00_);(#,##0.00)"
INVENTORY_DTL_6b,J27,INVENTORY_DTL_6b_J27,java.lang.Double,"#,##0.00_);(#,##0.00)"
INVENTORY_DTL_6b,K27,INVENTORY_DTL_6b_K27,java.lang.Double,"#,##0.00_);(#,##0.00)"
INVENTORY_DTL_6b,L27,INVENTORY_DTL_6b_L27,java.lang.Double,"#,##0.00_);(#,##0.00)"
INVENTORY_DTL_6b,M27,INVENTORY_DTL_6b_M27,java.lang.Double,"#,##0.00_);(#,##0.00)"
INVENTORY_DTL_6b,E29,INVENTORY_DTL_6b_E29,java.lang.Double,"#,##0.00_);(#,##0.00)"
INVENTORY_DTL_6b,F29,INVENTORY_DTL_6b_F29,java.lang.Double,"#,##0.00_);(#,##0.00)"
INVENTORY_DTL_6b,G29,INVENTORY_DTL_6b_G29,java.lang.Double,"#,##0.00_);(#,##0.00)"
INVENTORY_DTL_6b,H29,INVENTORY_DTL_6b_H29,java.lang.Double,"#,##0.00_);(#,##0.00)"
INVENTORY_DTL_6b,I29,INVENTORY_DTL_6b_I29,java.lang.Double,"#,##0.00_);(#,##0.00)"
INVENTORY_DTL_6b,J29,INVENTORY_DTL_6b_J29,java.lang.Double,"#,##0.00_);(#,##0.00)"
INVENTORY_DTL_6b,K29,INVENTORY_DTL_6b_K29,java.lang.Double,"#,##0.00_);(#,##0.00)"
INVENTORY_DTL_6b,L29,INVENTORY_DTL_6b_L29,java.lang.Double,"#,##0.00_);(#,##0.00)"
INVENTORY_DTL_6b,M29,INVENTORY_DTL_6b_M29,java.lang.Double,"#,##0.00_);(#,##0.00)"
INVENTORY_DTL_6b,M30,INVENTORY_DTL_6b_M30,java.lang.Double,"#,##0.00_);(#,##0.00)"
INVENTORY_DTL_6b,E31,INVENTORY_DTL_6b_E31,java.lang.Double,"#,##0.00_);(#,##0.00)"
INVENTORY_DTL_6b,F31,INVENTORY_DTL_6b_F31,java.lang.Double,"#,##0.00_);(#,##0.00)"
INVENTORY_DTL_6b,G31,INVENTORY_DTL_6b_G31,java.lang.Double,"#,##0.00_);(#,##0.00)"
INVENTORY_DTL_6b,H31,INVENTORY_DTL_6b_H31,java.lang.Double,"#,##0.00_);(#,##0.00)"
INVENTORY_DTL_6b,I31,INVENTORY_DTL_6b_I31,java.lang.Double,"#,##0.00_);(#,##0.00)"
INVENTORY_DTL_6b,J31,INVENTORY_DTL_6b_J31,java.lang.Double,"#,##0.00_);(#,##0.00)"
INVENTORY_DTL_6b,K31,INVENTORY_DTL_6b_K31,java.lang.Double,"#,##0.00_);(#,##0.00)"
INVENTORY_DTL_6b,L31,INVENTORY_DTL_6b_L31,java.lang.Double,"#,##0.00_);(#,##0.00)"
REGALIA_SALES_DTL_7b,C2,REGALIA_SALES_DTL_7b_C2,java.lang.String,General
REGALIA_SALES_DTL_7b,C3,REGALIA_SALES_DTL_7b_C3,java.lang.String,General
REGALIA_SALES_DTL_7b,C4,REGALIA_SALES_DTL_7b_C4,java.lang.String,General
REGALIA_SALES_DTL_7b,C6,REGALIA_SALES_DTL_7b_C6,java.lang.String,General
REGALIA_SALES_DTL_7b,I20,REGALIA_SALES_DTL_7b_I20,java.lang.Double,"#,##0.00_);(#,##0.00)"
REGALIA_SALES_DTL_7b,I21,REGALIA_SALES_DTL_7b_I21,java.lang.Double,"#,##0.00_);(#,##0.00)"
REGALIA_SALES_DTL_7b,I22,REGALIA_SALES_DTL_7b_I22,java.lang.Double,"#,##0.00_);(#,##0.00)"
REGALIA_SALES_DTL_7b,I23,REGALIA_SALES_DTL_7b_I23,java.lang.Double,"#,##0.00_);(#,##0.00)"
REGALIA_SALES_DTL_7b,I24,REGALIA_SALES_DTL_7b_I24,java.lang.Double,"#,##0.00_);(#,##0.00)"
REGALIA_SALES_DTL_7b,I25,REGALIA_SALES_DTL_7b_I25,java.lang.Double,"#,##0.00_);(#,##0.00)"
REGALIA_SALES_DTL_7b,I26,REGALIA_SALES_DTL_7b_I26,java.lang.Double,"#,##0.00_);(#,##0.00)"
REGALIA_SALES_DTL_7b,I27,REGALIA_SALES_DTL_7b_I27,java.lang.Double,"#,##0.00_);(#,##0.00)"
REGALIA_SALES_DTL_7b,I28,REGALIA_SALES_DTL_7b_I28,java.lang.Double,"#,##0.00_);(#,##0.00)"
REGALIA_SALES_DTL_7b,I29,REGALIA_SALES_DTL_7b_I29,java.lang.Double,"#,##0.00_);(#,##0.00)"
REGALIA_SALES_DTL_7b,I30,REGALIA_SALES_DTL_7b_I30,java.lang.Double,"#,##0.00_);(#,##0.00)"
REGALIA_SALES_DTL_7b,I31,REGALIA_SALES_DTL_7b_I31,java.lang.Double,"#,##0.00_);(#,##0.00)"
REGALIA_SALES_DTL_7b,F32,REGALIA_SALES_DTL_7b_F32,java.lang.Double,"#,##0.00_);(#,##0.00)"
REGALIA_SALES_DTL_7b,H32,REGALIA_SALES_DTL_7b_H32,java.lang.Double,"#,##0.00_);(#,##0.00)"
REGALIA_SALES_DTL_7b,I32,REGALIA_SALES_DTL_7b_I32,java.lang.Double,"#,##0.00_);(#,##0.00)"
REGALIA_SALES_DTL_7b,I47,REGALIA_SALES_DTL_7b_I47,java.lang.Double,"#,##0.00_);(#,##0.00)"
REGALIA_SALES_DTL_7b,H49,REGALIA_SALES_DTL_7b_H49,java.lang.Double,"#,##0.00_);(#,##0.00)"
REGALIA_SALES_DTL_7b,H50,REGALIA_SALES_DTL_7b_H50,java.lang.Double,"#,##0.00_);(#,##0.00)"
REGALIA_SALES_DTL_7b,H51,REGALIA_SALES_DTL_7b_H51,java.lang.Double,"#,##0.00_);(#,##0.00)"
REGALIA_SALES_DTL_7b,H52,REGALIA_SALES_DTL_7b_H52,java.lang.Double,"#,##0.00_);(#,##0.00)"
REGALIA_SALES_DTL_7b,I52,REGALIA_SALES_DTL_7b_I52,java.lang.Double,"#,##0.00_);(#,##0.00)"
REGALIA_SALES_DTL_7b,I53,REGALIA_SALES_DTL_7b_I53,java.lang.Double,"#,##0.00_);(#,##0.00)"
DEPR_DTL_8b,D2,DEPR_DTL_8b_D2,java.lang.String,General
DEPR_DTL_8b,D3,DEPR_DTL_8b_D3,java.lang.String,General
DEPR_DTL_8b,D4,DEPR_DTL_8b_D4,java.lang.String,General
DEPR_DTL_8b,D6,DEPR_DTL_8b_D6,java.lang.String,General
DEPR_DTL_8b,H14,DEPR_DTL_8b_H14,java.lang.Double,0.00%
DEPR_DTL_8b,I14,DEPR_DTL_8b_I14,java.lang.Double,"#,##0.00_);(#,##0.00)"
DEPR_DTL_8b,K14,DEPR_DTL_8b_K14,java.lang.Double,"#,##0.00_);(#,##0.00)"
DEPR_DTL_8b,L14,DEPR_DTL_8b_L14,java.lang.Double,"#,##0.00_);(#,##0.00)"
DEPR_DTL_8b,M14,DEPR_DTL_8b_M14,java.lang.Double,"#,##0.00_);(#,##0.00)"
DEPR_DTL_8b,H15,DEPR_DTL_8b_H15,java.lang.Double,0.00%
DEPR_DTL_8b,I15,DEPR_DTL_8b_I15,java.lang.Double,"#,##0.00_);(#,##0.00)"
DEPR_DTL_8b,K15,DEPR_DTL_8b_K15,java.lang.Double,"#,##0.00_);(#,##0.00)"
DEPR_DTL_8b,L15,DEPR_DTL_8b_L15,java.lang.Double,"#,##0.00_);(#,##0.00)"
DEPR_DTL_8b,M15,DEPR_DTL_8b_M15,java.lang.Double,"#,##0.00_);(#,##0.00)"
DEPR_DTL_8b,H16,DEPR_DTL_8b_H16,java.lang.Double,0.00%
DEPR_DTL_8b,I16,DEPR_DTL_8b_I16,java.lang.Double,"#,##0.00_);(#,##0.00)"
DEPR_DTL_8b,K16,DEPR_DTL_8b_K16,java.lang.Double,"#,##0.00_);(#,##0.00)"
DEPR_DTL_8b,L16,DEPR_DTL_8b_L16,java.lang.Double,"#,##0.00_);(#,##0.00)"
DEPR_DTL_8b,M16,DEPR_DTL_8b_M16,java.lang.Double,"#,##0.00_);(#,##0.00)"
DEPR_DTL_8b,H17,DEPR_DTL_8b_H17,java.lang.Double,0.00%
DEPR_DTL_8b,I17,DEPR_DTL_8b_I17,java.lang.Double,"#,##0.00_);(#,##0.00)"
DEPR_DTL_8b,K17,DEPR_DTL_8b_K17,java.lang.Double,"#,##0.00_);(#,##0.00)"
DEPR_DTL_8b,L17,DEPR_DTL_8b_L17,java.lang.Double,"#,##0.00_);(#,##0.00)"
DEPR_DTL_8b,M17,DEPR_DTL_8b_M17,java.lang.Double,"#,##0.00_);(#,##0.00)"
DEPR_DTL_8b,H18,DEPR_DTL_8b_H18,java.lang.Double,0.00%
DEPR_DTL_8b,I18,DEPR_DTL_8b_I18,java.lang.Double,"#,##0.00_);(#,##0.00)"
DEPR_DTL_8b,K18,DEPR_DTL_8b_K18,java.lang.Double,"#,##0.00_);(#,##0.00)"
DEPR_DTL_8b,L18,DEPR_DTL_8b_L18,java.lang.Double,"#,##0.00_);(#,##0.00)"
DEPR_DTL_8b,M18,DEPR_DTL_8b_M18,java.lang.Double,"#,##0.00_);(#,##0.00)"
DEPR_DTL_8b,H19,DEPR_DTL_8b_H19,java.lang.Double,0.00%
DEPR_DTL_8b,I19,DEPR_DTL_8b_I19,java.lang.Double,"#,##0.00_);(#,##0.00)"
DEPR_DTL_8b,K19,DEPR_DTL_8b_K19,java.lang.Double,"#,##0.00_);(#,##0.00)"
DEPR_DTL_8b,L19,DEPR_DTL_8b_L19,java.lang.Double,"#,##0.00_);(#,##0.00)"
DEPR_DTL_8b,M19,DEPR_DTL_8b_M19,java.lang.Double,"#,##0.00_);(#,##0.00)"
DEPR_DTL_8b,H20,DEPR_DTL_8b_H20,java.lang.Double,0.00%
DEPR_DTL_8b,I20,DEPR_DTL_8b_I20,java.lang.Double,"#,##0.00_);(#,##0.00)"
DEPR_DTL_8b,K20,DEPR_DTL_8b_K20,java.lang.Double,"#,##0.00_);(#,##0.00)"
DEPR_DTL_8b,L20,DEPR_DTL_8b_L20,java.lang.Double,"#,##0.00_);(#,##0.00)"
DEPR_DTL_8b,M20,DEPR_DTL_8b_M20,java.lang.Double,"#,##0.00_);(#,##0.00)"
DEPR_DTL_8b,H21,DEPR_DTL_8b_H21,java.lang.Double,0.00%
DEPR_DTL_8b,I21,DEPR_DTL_8b_I21,java.lang.Double,"#,##0.00_);(#,##0.00)"
DEPR_DTL_8b,K21,DEPR_DTL_8b_K21,java.lang.Double,"#,##0.00_);(#,##0.00)"
DEPR_DTL_8b,L21,DEPR_DTL_8b_L21,java.lang.Double,"#,##0.00_);(#,##0.00)"
DEPR_DTL_8b,M21,DEPR_DTL_8b_M21,java.lang.Double,"#,##0.00_);(#,##0.00)"
DEPR_DTL_8b,H22,DEPR_DTL_8b_H22,java.lang.Double,0.00%
DEPR_DTL_8b,I22,DEPR_DTL_8b_I22,java.lang.Double,"#,##0.00_);(#,##0.00)"
DEPR_DTL_8b,K22,DEPR_DTL_8b_K22,java.lang.Double,"#,##0.00_);(#,##0.00)"
DEPR_DTL_8b,L22,DEPR_DTL_8b_L22,java.lang.Double,"#,##0.00_);(#,##0.00)"
DEPR_DTL_8b,M22,DEPR_DTL_8b_M22,java.lang.Double,"#,##0.00_);(#,##0.00)"
DEPR_DTL_8b,H23,DEPR_DTL_8b_H23,java.lang.Double,0.00%
DEPR_DTL_8b,I23,DEPR_DTL_8b_I23,java.lang.Double,"#,##0.00_);(#,##0.00)"
DEPR_DTL_8b,K23,DEPR_DTL_8b_K23,java.lang.Double,"#,##0.00_);(#,##0.00)"
DEPR_DTL_8b,L23,DEPR_DTL_8b_L23,java.lang.Double,"#,##0.00_);(#,##0.00)"
DEPR_DTL_8b,M23,DEPR_DTL_8b_M23,java.lang.Double,"#,##0.00_);(#,##0.00)"
DEPR_DTL_8b,H24,DEPR_DTL_8b_H24,java.lang.Double,0.00%
DEPR_DTL_8b,I24,DEPR_DTL_8b_I24,java.lang.Double,"#,##0.00_);(#,##0.00)"
DEPR_DTL_8b,K24,DEPR_DTL_8b_K24,java.lang.Double,"#,##0.00_);(#,##0.00)"
DEPR_DTL_8b,L24,DEPR_DTL_8b_L24,java.lang.Double,"#,##0.00_);(#,##0.00)"
DEPR_DTL_8b,M24,DEPR_DTL_8b_M24,java.lang.Double,"#,##0.00_);(#,##0.00)"
DEPR_DTL_8b,H25,DEPR_DTL_8b_H25,java.lang.Double,0.00%
DEPR_DTL_8b,I25,DEPR_DTL_8b_I25,java.lang.Double,"#,##0.00_);(#,##0.00)"
DEPR_DTL_8b,K25,DEPR_DTL_8b_K25,java.lang.Double,"#,##0.00_);(#,##0.00)"
DEPR_DTL_8b,L25,DEPR_DTL_8b_L25,java.lang.Double,"#,##0.00_);(#,##0.00)"
DEPR_DTL_8b,M25,DEPR_DTL_8b_M25,java.lang.Double,"#,##0.00_);(#,##0.00)"
DEPR_DTL_8b,H26,DEPR_DTL_8b_H26,java.lang.Double,0.00%
DEPR_DTL_8b,I26,DEPR_DTL_8b_I26,java.lang.Double,"#,##0.00_);(#,##0.00)"
DEPR_DTL_8b,K26,DEPR_DTL_8b_K26,java.lang.Double,"#,##0.00_);(#,##0.00)"
DEPR_DTL_8b,L26,DEPR_DTL_8b_L26,java.lang.Double,"#,##0.00_);(#,##0.00)"
DEPR_DTL_8b,M26,DEPR_DTL_8b_M26,java.lang.Double,"#,##0.00_);(#,##0.00)"
DEPR_DTL_8b,H27,DEPR_DTL_8b_H27,java.lang.Double,0.00%
DEPR_DTL_8b,I27,DEPR_DTL_8b_I27,java.lang.Double,"#,##0.00_);(#,##0.00)"
DEPR_DTL_8b,K27,DEPR_DTL_8b_K27,java.lang.Double,"#,##0.00_);(#,##0.00)"
DEPR_DTL_8b,L27,DEPR_DTL_8b_L27,java.lang.Double,"#,##0.00_);(#,##0.00)"
DEPR_DTL_8b,M27,DEPR_DTL_8b_M27,java.lang.Double,"#,##0.00_);(#,##0.00)"
DEPR_DTL_8b,H28,DEPR_DTL_8b_H28,java.lang.Double,0.00%
DEPR_DTL_8b,I28,DEPR_DTL_8b_I28,java.lang.Double,"#,##0.00_);(#,##0.00)"
DEPR_DTL_8b,K28,DEPR_DTL_8b_K28,java.lang.Double,"#,##0.00_);(#,##0.00)"
DEPR_DTL_8b,L28,DEPR_DTL_8b_L28,java.lang.Double,"#,##0.00_);(#,##0.00)"
DEPR_DTL_8b,M28,DEPR_DTL_8b_M28,java.lang.Double,"#,##0.00_);(#,##0.00)"
DEPR_DTL_8b,H29,DEPR_DTL_8b_H29,java.lang.Double,0.00%
DEPR_DTL_8b,I29,DEPR_DTL_8b_I29,java.lang.Double,"#,##0.00_);(#,##0.00)"
DEPR_DTL_8b,K29,DEPR_DTL_8b_K29,java.lang.Double,"#,##0.00_);(#,##0.00)"
DEPR_DTL_8b,L29,DEPR_DTL_8b_L29,java.lang.Double,"#,##0.00_);(#,##0.00)"
DEPR_DTL_8b,M29,DEPR_DTL_8b_M29,java.lang.Double,"#,##0.00_);(#,##0.00)"
DEPR_DTL_8b,H30,DEPR_DTL_8b_H30,java.lang.Double,0.00%
DEPR_DTL_8b,I30,DEPR_DTL_8b_I30,java.lang.Double,"#,##0.00_);(#,##0.00)"
DEPR_DTL_8b,K30,DEPR_DTL_8b_K30,java.lang.Double,"#,##0.00_);(#,##0.00)"
DEPR_DTL_8b,L30,DEPR_DTL_8b_L30,java.lang.Double,"#,##0.00_);(#,##0.00)"
DEPR_DTL_8b,M30,DEPR_DTL_8b_M30,java.lang.Double,"#,##0.00_);(#,##0.00)"
DEPR_DTL_8b,H31,DEPR_DTL_8b_H31,java.lang.Double,0.00%
DEPR_DTL_8b,I31,DEPR_DTL_8b_I31,java.lang.Double,"#,##0.00_);(#,##0.00)"
DEPR_DTL_8b,K31,DEPR_DTL_8b_K31,java.lang.Double,"#,##0.00_);(#,##0.00)"
DEPR_DTL_8b,L31,DEPR_DTL_8b_L31,java.lang.Double,"#,##0.00_);(#,##0.00)"
DEPR_DTL_8b,M31,DEPR_DTL_8b_M31,java.lang.Double,"#,##0.00_);(#,##0.00)"
DEPR_DTL_8b,H32,DEPR_DTL_8b_H32,java.lang.Double,0.00%
DEPR_DTL_8b,I32,DEPR_DTL_8b_I32,java.lang.Double,"#,##0.00_);(#,##0.00)"
DEPR_DTL_8b,K32,DEPR_DTL_8b_K32,java.lang.Double,"#,##0.00_);(#,##0.00)"
DEPR_DTL_8b,L32,DEPR_DTL_8b_L32,java.lang.Double,"#,##0.00_);(#,##0.00)"
DEPR_DTL_8b,M32,DEPR_DTL_8b_M32,java.lang.Double,"#,##0.00_);(#,##0.00)"
DEPR_DTL_8b,H33,DEPR_DTL_8b_H33,java.lang.Double,0.00%
DEPR_DTL_8b,I33,DEPR_DTL_8b_I33,java.lang.Double,"#,##0.00_);(#,##0.00)"
DEPR_DTL_8b,K33,DEPR_DTL_8b_K33,java.lang.Double,"#,##0.00_);(#,##0.00)"
DEPR_DTL_8b,L33,DEPR_DTL_8b_L33,java.lang.Double,"#,##0.00_);(#,##0.00)"
DEPR_DTL_8b,M33,DEPR_DTL_8b_M33,java.lang.Double,"#,##0.00_);(#,##0.00)"
DEPR_DTL_8b,H34,DEPR_DTL_8b_H34,java.lang.Double,0.00%
DEPR_DTL_8b,I34,DEPR_DTL_8b_I34,java.lang.Double,"#,##0.00_);(#,##0.00)"
DEPR_DTL_8b,K34,DEPR_DTL_8b_K34,java.lang.Double,"#,##0.00_);(#,##0.00)"
DEPR_DTL_8b,L34,DEPR_DTL_8b_L34,java.lang.Double,"#,##0.00_);(#,##0.00)"
DEPR_DTL_8b,M34,DEPR_DTL_8b_M34,java.lang.Double,"#,##0.00_);(#,##0.00)"
DEPR_DTL_8b,H35,DEPR_DTL_8b_H35,java.lang.Double,0.00%
DEPR_DTL_8b,I35,DEPR_DTL_8b_I35,java.lang.Double,"#,##0.00_);(#,##0.00)"
DEPR_DTL_8b,K35,DEPR_DTL_8b_K35,java.lang.Double,"#,##0.00_);(#,##0.00)"
DEPR_DTL_8b,L35,DEPR_DTL_8b_L35,java.lang.Double,"#,##0.00_);(#,##0.00)"
DEPR_DTL_8b,M35,DEPR_DTL_8b_M35,java.lang.Double,"#,##0.00_);(#,##0.00)"
DEPR_DTL_8b,H36,DEPR_DTL_8b_H36,java.lang.Double,0.00%
DEPR_DTL_8b,I36,DEPR_DTL_8b_I36,java.lang.Double,"#,##0.00_);(#,##0.00)"
DEPR_DTL_8b,K36,DEPR_DTL_8b_K36,java.lang.Double,"#,##0.00_);(#,##0.00)"
DEPR_DTL_8b,L36,DEPR_DTL_8b_L36,java.lang.Double,"#,##0.00_);(#,##0.00)"
DEPR_DTL_8b,M36,DEPR_DTL_8b_M36,java.lang.Double,"#,##0.00_);(#,##0.00)"
DEPR_DTL_8b,H37,DEPR_DTL_8b_H37,java.lang.Double,0.00%
DEPR_DTL_8b,I37,DEPR_DTL_8b_I37,java.lang.Double,"#,##0.00_);(#,##0.00)"
DEPR_DTL_8b,K37,DEPR_DTL_8b_K37,java.lang.Double,"#,##0.00_);(#,##0.00)"
DEPR_DTL_8b,L37,DEPR_DTL_8b_L37,java.lang.Double,"#,##0.00_);(#,##0.00)"
DEPR_DTL_8b,M37,DEPR_DTL_8b_M37,java.lang.Double,"#,##0.00_);(#,##0.00)"
DEPR_DTL_8b,H38,DEPR_DTL_8b_H38,java.lang.Double,0.00%
DEPR_DTL_8b,I38,DEPR_DTL_8b_I38,java.lang.Double,"#,##0.00_);(#,##0.00)"
DEPR_DTL_8b,K38,DEPR_DTL_8b_K38,java.lang.Double,"#,##0.00_);(#,##0.00)"
DEPR_DTL_8b,L38,DEPR_DTL_8b_L38,java.lang.Double,"#,##0.00_);(#,##0.00)"
DEPR_DTL_8b,M38,DEPR_DTL_8b_M38,java.lang.Double,"#,##0.00_);(#,##0.00)"
DEPR_DTL_8b,H39,DEPR_DTL_8b_H39,java.lang.Double,0.00%
DEPR_DTL_8b,I39,DEPR_DTL_8b_I39,java.lang.Double,"#,##0.00_);(#,##0.00)"
DEPR_DTL_8b,K39,DEPR_DTL_8b_K39,java.lang.Double,"#,##0.00_);(#,##0.00)"
DEPR_DTL_8b,L39,DEPR_DTL_8b_L39,java.lang.Double,"#,##0.00_);(#,##0.00)"
DEPR_DTL_8b,M39,DEPR_DTL_8b_M39,java.lang.Double,"#,##0.00_);(#,##0.00)"
DEPR_DTL_8b,H40,DEPR_DTL_8b_H40,java.lang.Double,0.00%
DEPR_DTL_8b,I40,DEPR_DTL_8b_I40,java.lang.Double,"#,##0.00_);(#,##0.00)"
DEPR_DTL_8b,K40,DEPR_DTL_8b_K40,java.lang.Double,"#,##0.00_);(#,##0.00)"
DEPR_DTL_8b,L40,DEPR_DTL_8b_L40,java.lang.Double,"#,##0.00_);(#,##0.00)"
DEPR_DTL_8b,M40,DEPR_DTL_8b_M40,java.lang.Double,"#,##0.00_);(#,##0.00)"
DEPR_DTL_8b,H41,DEPR_DTL_8b_H41,java.lang.Double,0.00%
DEPR_DTL_8b,I41,DEPR_DTL_8b_I41,java.lang.Double,"#,##0.00_);(#,##0.00)"
DEPR_DTL_8b,K41,DEPR_DTL_8b_K41,java.lang.Double,"#,##0.00_);(#,##0.00)"
DEPR_DTL_8b,L41,DEPR_DTL_8b_L41,java.lang.Double,"#,##0.00_);(#,##0.00)"
DEPR_DTL_8b,M41,DEPR_DTL_8b_M41,java.lang.Double,"#,##0.00_);(#,##0.00)"
DEPR_DTL_8b,H42,DEPR_DTL_8b_H42,java.lang.Double,0.00%
DEPR_DTL_8b,I42,DEPR_DTL_8b_I42,java.lang.Double,"#,##0.00_);(#,##0.00)"
DEPR_DTL_8b,K42,DEPR_DTL_8b_K42,java.lang.Double,"#,##0.00_);(#,##0.00)"
DEPR_DTL_8b,L42,DEPR_DTL_8b_L42,java.lang.Double,"#,##0.00_);(#,##0.00)"
DEPR_DTL_8b,M42,DEPR_DTL_8b_M42,java.lang.Double,"#,##0.00_);(#,##0.00)"
DEPR_DTL_8b,H43,DEPR_DTL_8b_H43,java.lang.Double,0.00%
DEPR_DTL_8b,I43,DEPR_DTL_8b_I43,java.lang.Double,"#,##0.00_);(#,##0.00)"
DEPR_DTL_8b,K43,DEPR_DTL_8b_K43,java.lang.Double,"#,##0.00_);(#,##0.00)"
DEPR_DTL_8b,L43,DEPR_DTL_8b_L43,java.lang.Double,"#,##0.00_);(#,##0.00)"
DEPR_DTL_8b,M43,DEPR_DTL_8b_M43,java.lang.Double,"#,##0.00_);(#,##0.00)"
DEPR_DTL_8b,H44,DEPR_DTL_8b_H44,java.lang.Double,0.00%
DEPR_DTL_8b,I44,DEPR_DTL_8b_I44,java.lang.Double,"#,##0.00_);(#,##0.00)"
DEPR_DTL_8b,K44,DEPR_DTL_8b_K44,java.lang.Double,"#,##0.00_);(#,##0.00)"
DEPR_DTL_8b,L44,DEPR_DTL_8b_L44,java.lang.Double,"#,##0.00_);(#,##0.00)"
DEPR_DTL_8b,M44,DEPR_DTL_8b_M44,java.lang.Double,"#,##0.00_);(#,##0.00)"
DEPR_DTL_8b,H45,DEPR_DTL_8b_H45,java.lang.Double,0.00%
DEPR_DTL_8b,I45,DEPR_DTL_8b_I45,java.lang.Double,"#,##0.00_);(#,##0.00)"
DEPR_DTL_8b,K45,DEPR_DTL_8b_K45,java.lang.Double,"#,##0.00_);(#,##0.00)"
DEPR_DTL_8b,L45,DEPR_DTL_8b_L45,java.lang.Double,"#,##0.00_);(#,##0.00)"
DEPR_DTL_8b,M45,DEPR_DTL_8b_M45,java.lang.Double,"#,##0.00_);(#,##0.00)"
DEPR_DTL_8b,H46,DEPR_DTL_8b_H46,java.lang.Double,0.00%
DEPR_DTL_8b,I46,DEPR_DTL_8b_I46,java.lang.Double,"#,##0.00_);(#,##0.00)"
DEPR_DTL_8b,K46,DEPR_DTL_8b_K46,java.lang.Double,"#,##0.00_);(#,##0.00)"
DEPR_DTL_8b,L46,DEPR_DTL_8b_L46,java.lang.Double,"#,##0.00_);(#,##0.00)"
DEPR_DTL_8b,M46,DEPR_DTL_8b_M46,java.lang.Double,"#,##0.00_);(#,##0.00)"
DEPR_DTL_8b,H47,DEPR_DTL_8b_H47,java.lang.Double,0.00%
DEPR_DTL_8b,I47,DEPR_DTL_8b_I47,java.lang.Double,"#,##0.00_);(#,##0.00)"
DEPR_DTL_8b,K47,DEPR_DTL_8b_K47,java.lang.Double,"#,##0.00_);(#,##0.00)"
DEPR_DTL_8b,L47,DEPR_DTL_8b_L47,java.lang.Double,"#,##0.00_);(#,##0.00)"
DEPR_DTL_8b,M47,DEPR_DTL_8b_M47,java.lang.Double,"#,##0.00_);(#,##0.00)"
DEPR_DTL_8b,H48,DEPR_DTL_8b_H48,java.lang.Double,0.00%
DEPR_DTL_8b,I48,DEPR_DTL_8b_I48,java.lang.Double,"#,##0.00_);(#,##0.00)"
DEPR_DTL_8b,K48,DEPR_DTL_8b_K48,java.lang.Double,"#,##0.00_);(#,##0.00)"
DEPR_DTL_8b,L48,DEPR_DTL_8b_L48,java.lang.Double,"#,##0.00_);(#,##0.00)"
DEPR_DTL_8b,M48,DEPR_DTL_8b_M48,java.lang.Double,"#,##0.00_);(#,##0.00)"
DEPR_DTL_8b,H49,DEPR_DTL_8b_H49,java.lang.Double,0.00%
DEPR_DTL_8b,I49,DEPR_DTL_8b_I49,java.lang.Double,"#,##0.00_);(#,##0.00)"
DEPR_DTL_8b,K49,DEPR_DTL_8b_K49,java.lang.Double,"#,##0.00_);(#,##0.00)"
DEPR_DTL_8b,L49,DEPR_DTL_8b_L49,java.lang.Double,"#,##0.00_);(#,##0.00)"
DEPR_DTL_8b,M49,DEPR_DTL_8b_M49,java.lang.Double,"#,##0.00_);(#,##0.00)"
DEPR_DTL_8b,H50,DEPR_DTL_8b_H50,java.lang.Double,0.00%
DEPR_DTL_8b,I50,DEPR_DTL_8b_I50,java.lang.Double,"#,##0.00_);(#,##0.00)"
DEPR_DTL_8b,K50,DEPR_DTL_8b_K50,java.lang.Double,"#,##0.00_);(#,##0.00)"
DEPR_DTL_8b,L50,DEPR_DTL_8b_L50,java.lang.Double,"#,##0.00_);(#,##0.00)"
DEPR_DTL_8b,M50,DEPR_DTL_8b_M50,java.lang.Double,"#,##0.00_);(#,##0.00)"
DEPR_DTL_8b,H51,DEPR_DTL_8b_H51,java.lang.Double,0.00%
DEPR_DTL_8b,I51,DEPR_DTL_8b_I51,java.lang.Double,"#,##0.00_);(#,##0.00)"
DEPR_DTL_8b,K51,DEPR_DTL_8b_K51,java.lang.Double,"#,##0.00_);(#,##0.00)"
DEPR_DTL_8b,L51,DEPR_DTL_8b_L51,java.lang.Double,"#,##0.00_);(#,##0.00)"
DEPR_DTL_8b,M51,DEPR_DTL_8b_M51,java.lang.Double,"#,##0.00_);(#,##0.00)"
DEPR_DTL_8b,H52,DEPR_DTL_8b_H52,java.lang.Double,0.00%
DEPR_DTL_8b,I52,DEPR_DTL_8b_I52,java.lang.Double,"#,##0.00_);(#,##0.00)"
DEPR_DTL_8b,K52,DEPR_DTL_8b_K52,java.lang.Double,"#,##0.00_);(#,##0.00)"
DEPR_DTL_8b,L52,DEPR_DTL_8b_L52,java.lang.Double,"#,##0.00_);(#,##0.00)"
DEPR_DTL_8b,M52,DEPR_DTL_8b_M52,java.lang.Double,"#,##0.00_);(#,##0.00)"
DEPR_DTL_8b,H53,DEPR_DTL_8b_H53,java.lang.Double,0.00%
DEPR_DTL_8b,I53,DEPR_DTL_8b_I53,java.lang.Double,"#,##0.00_);(#,##0.00)"
DEPR_DTL_8b,K53,DEPR_DTL_8b_K53,java.lang.Double,"#,##0.00_);(#,##0.00)"
DEPR_DTL_8b,L53,DEPR_DTL_8b_L53,java.lang.Double,"#,##0.00_);(#,##0.00)"
DEPR_DTL_8b,M53,DEPR_DTL_8b_M53,java.lang.Double,"#,##0.00_);(#,##0.00)"
DEPR_DTL_8b,I54,DEPR_DTL_8b_I54,java.lang.Double,"#,##0.00_);(#,##0.00)"
DEPR_DTL_8b,J54,DEPR_DTL_8b_J54,java.lang.Double,"#,##0.00_);(#,##0.00)"
DEPR_DTL_8b,K54,DEPR_DTL_8b_K54,java.lang.Double,"#,##0.00_);(#,##0.00)"
DEPR_DTL_8b,L54,DEPR_DTL_8b_L54,java.lang.Double,"#,##0.00_);(#,##0.00)"
DEPR_DTL_8b,M54,DEPR_DTL_8b_M54,java.lang.Double,"#,##0.00_);(#,##0.00)"
DEPR_DTL_8c,D2,DEPR_DTL_8c_D2,java.lang.String,General
DEPR_DTL_8c,D3,DEPR_DTL_8c_D3,java.lang.String,General
DEPR_DTL_8c,D4,DEPR_DTL_8c_D4,java.lang.String,General
DEPR_DTL_8c,D6,DEPR_DTL_8c_D6,java.lang.String,General
DEPR_DTL_8c,H14,DEPR_DTL_8c_H14,java.lang.Double,0.00%
DEPR_DTL_8c,I14,DEPR_DTL_8c_I14,java.lang.Double,"#,##0.00_);(#,##0.00)"
DEPR_DTL_8c,K14,DEPR_DTL_8c_K14,java.lang.Double,"#,##0.00_);(#,##0.00)"
DEPR_DTL_8c,L14,DEPR_DTL_8c_L14,java.lang.Double,"#,##0.00_);(#,##0.00)"
DEPR_DTL_8c,M14,DEPR_DTL_8c_M14,java.lang.Double,"#,##0.00_);(#,##0.00)"
DEPR_DTL_8c,H15,DEPR_DTL_8c_H15,java.lang.Double,0.00%
DEPR_DTL_8c,I15,DEPR_DTL_8c_I15,java.lang.Double,"#,##0.00_);(#,##0.00)"
DEPR_DTL_8c,K15,DEPR_DTL_8c_K15,java.lang.Double,"#,##0.00_);(#,##0.00)"
DEPR_DTL_8c,L15,DEPR_DTL_8c_L15,java.lang.Double,"#,##0.00_);(#,##0.00)"
DEPR_DTL_8c,M15,DEPR_DTL_8c_M15,java.lang.Double,"#,##0.00_);(#,##0.00)"
DEPR_DTL_8c,H16,DEPR_DTL_8c_H16,java.lang.Double,0.00%
DEPR_DTL_8c,I16,DEPR_DTL_8c_I16,java.lang.Double,"#,##0.00_);(#,##0.00)"
DEPR_DTL_8c,K16,DEPR_DTL_8c_K16,java.lang.Double,"#,##0.00_);(#,##0.00)"
DEPR_DTL_8c,L16,DEPR_DTL_8c_L16,java.lang.Double,"#,##0.00_);(#,##0.00)"
DEPR_DTL_8c,M16,DEPR_DTL_8c_M16,java.lang.Double,"#,##0.00_);(#,##0.00)"
DEPR_DTL_8c,H17,DEPR_DTL_8c_H17,java.lang.Double,0.00%
DEPR_DTL_8c,I17,DEPR_DTL_8c_I17,java.lang.Double,"#,##0.00_);(#,##0.00)"
DEPR_DTL_8c,K17,DEPR_DTL_8c_K17,java.lang.Double,"#,##0.00_);(#,##0.00)"
DEPR_DTL_8c,L17,DEPR_DTL_8c_L17,java.lang.Double,"#,##0.00_);(#,##0.00)"
DEPR_DTL_8c,M17,DEPR_DTL_8c_M17,java.lang.Double,"#,##0.00_);(#,##0.00)"
DEPR_DTL_8c,H18,DEPR_DTL_8c_H18,java.lang.Double,0.00%
DEPR_DTL_8c,I18,DEPR_DTL_8c_I18,java.lang.Double,"#,##0.00_);(#,##0.00)"
DEPR_DTL_8c,K18,DEPR_DTL_8c_K18,java.lang.Double,"#,##0.00_);(#,##0.00)"
DEPR_DTL_8c,L18,DEPR_DTL_8c_L18,java.lang.Double,"#,##0.00_);(#,##0.00)"
DEPR_DTL_8c,M18,DEPR_DTL_8c_M18,java.lang.Double,"#,##0.00_);(#,##0.00)"
DEPR_DTL_8c,H19,DEPR_DTL_8c_H19,java.lang.Double,0.00%
DEPR_DTL_8c,I19,DEPR_DTL_8c_I19,java.lang.Double,"#,##0.00_);(#,##0.00)"
DEPR_DTL_8c,K19,DEPR_DTL_8c_K19,java.lang.Double,"#,##0.00_);(#,##0.00)"
DEPR_DTL_8c,L19,DEPR_DTL_8c_L19,java.lang.Double,"#,##0.00_);(#,##0.00)"
DEPR_DTL_8c,M19,DEPR_DTL_8c_M19,java.lang.Double,"#,##0.00_);(#,##0.00)"
DEPR_DTL_8c,H20,DEPR_DTL_8c_H20,java.lang.Double,0.00%
DEPR_DTL_8c,I20,DEPR_DTL_8c_I20,java.lang.Double,"#,##0.00_);(#,##0.00)"
DEPR_DTL_8c,K20,DEPR_DTL_8c_K20,java.lang.Double,"#,##0.00_);(#,##0.00)"
DEPR_DTL_8c,L20,DEPR_DTL_8c_L20,java.lang.Double,"#,##0.00_);(#,##0.00)"
DEPR_DTL_8c,M20,DEPR_DTL_8c_M20,java.lang.Double,"#,##0.00_);(#,##0.00)"
DEPR_DTL_8c,H21,DEPR_DTL_8c_H21,java.lang.Double,0.00%
DEPR_DTL_8c,I21,DEPR_DTL_8c_I21,java.lang.Double,"#,##0.00_);(#,##0.00)"
DEPR_DTL_8c,K21,DEPR_DTL_8c_K21,java.lang.Double,"#,##0.00_);(#,##0.00)"
DEPR_DTL_8c,L21,DEPR_DTL_8c_L21,java.lang.Double,"#,##0.00_);(#,##0.00)"
DEPR_DTL_8c,M21,DEPR_DTL_8c_M21,java.lang.Double,"#,##0.00_);(#,##0.00)"
DEPR_DTL_8c,H22,DEPR_DTL_8c_H22,java.lang.Double,0.00%
DEPR_DTL_8c,I22,DEPR_DTL_8c_I22,java.lang.Double,"#,##0.00_);(#,##0.00)"
DEPR_DTL_8c,K22,DEPR_DTL_8c_K22,java.lang.Double,"#,##0.00_);(#,##0.00)"
DEPR_DTL_8c,L22,DEPR_DTL_8c_L22,java.lang.Double,"#,##0.00_);(#,##0.00)"
DEPR_DTL_8c,M22,DEPR_DTL_8c_M22,java.lang.Double,"#,##0.00_);(#,##0.00)"
DEPR_DTL_8c,H23,DEPR_DTL_8c_H23,java.lang.Double,0.00%
DEPR_DTL_8c,I23,DEPR_DTL_8c_I23,java.lang.Double,"#,##0.00_);(#,##0.00)"
DEPR_DTL_8c,K23,DEPR_DTL_8c_K23,java.lang.Double,"#,##0.00_);(#,##0.00)"
DEPR_DTL_8c,L23,DEPR_DTL_8c_L23,java.lang.Double,"#,##0.00_);(#,##0.00)"
DEPR_DTL_8c,M23,DEPR_DTL_8c_M23,java.lang.Double,"#,##0.00_);(#,##0.00)"
DEPR_DTL_8c,H24,DEPR_DTL_8c_H24,java.lang.Double,0.00%
DEPR_DTL_8c,I24,DEPR_DTL_8c_I24,java.lang.Double,"#,##0.00_);(#,##0.00)"
DEPR_DTL_8c,K24,DEPR_DTL_8c_K24,java.lang.Double,"#,##0.00_);(#,##0.00)"
DEPR_DTL_8c,L24,DEPR_DTL_8c_L24,java.lang.Double,"#,##0.00_);(#,##0.00)"
DEPR_DTL_8c,M24,DEPR_DTL_8c_M24,java.lang.Double,"#,##0.00_);(#,##0.00)"
DEPR_DTL_8c,H25,DEPR_DTL_8c_H25,java.lang.Double,0.00%
DEPR_DTL_8c,I25,DEPR_DTL_8c_I25,java.lang.Double,"#,##0.00_);(#,##0.00)"
DEPR_DTL_8c,K25,DEPR_DTL_8c_K25,java.lang.Double,"#,##0.00_);(#,##0.00)"
DEPR_DTL_8c,L25,DEPR_DTL_8c_L25,java.lang.Double,"#,##0.00_);(#,##0.00)"
DEPR_DTL_8c,M25,DEPR_DTL_8c_M25,java.lang.Double,"#,##0.00_);(#,##0.00)"
DEPR_DTL_8c,H26,DEPR_DTL_8c_H26,java.lang.Double,0.00%
DEPR_DTL_8c,I26,DEPR_DTL_8c_I26,java.lang.Double,"#,##0.00_);(#,##0.00)"
DEPR_DTL_8c,K26,DEPR_DTL_8c_K26,java.lang.Double,"#,##0.00_);(#,##0.00)"
DEPR_DTL_8c,L26,DEPR_DTL_8c_L26,java.lang.Double,"#,##0.00_);(#,##0.00)"
DEPR_DTL_8c,M26,DEPR_DTL_8c_M26,java.lang.Double,"#,##0.00_);(#,##0.00)"
DEPR_DTL_8c,H27,DEPR_DTL_8c_H27,java.lang.Double,0.00%
DEPR_DTL_8c,I27,DEPR_DTL_8c_I27,java.lang.Double,"#,##0.00_);(#,##0.00)"
DEPR_DTL_8c,K27,DEPR_DTL_8c_K27,java.lang.Double,"#,##0.00_);(#,##0.00)"
DEPR_DTL_8c,L27,DEPR_DTL_8c_L27,java.lang.Double,"#,##0.00_);(#,##0.00)"
DEPR_DTL_8c,M27,DEPR_DTL_8c_M27,java.lang.Double,"#,##0.00_);(#,##0.00)"
DEPR_DTL_8c,H28,DEPR_DTL_8c_H28,java.lang.Double,0.00%
DEPR_DTL_8c,I28,DEPR_DTL_8c_I28,java.lang.Double,"#,##0.00_);(#,##0.00)"
DEPR_DTL_8c,K28,DEPR_DTL_8c_K28,java.lang.Double,"#,##0.00_);(#,##0.00)"
DEPR_DTL_8c,L28,DEPR_DTL_8c_L28,java.lang.Double,"#,##0.00_);(#,##0.00)"
DEPR_DTL_8c,M28,DEPR_DTL_8c_M28,java.lang.Double,"#,##0.00_);(#,##0.00)"
DEPR_DTL_8c,H29,DEPR_DTL_8c_H29,java.lang.Double,0.00%
DEPR_DTL_8c,I29,DEPR_DTL_8c_I29,java.lang.Double,"#,##0.00_);(#,##0.00)"
DEPR_DTL_8c,K29,DEPR_DTL_8c_K29,java.lang.Double,"#,##0.00_);(#,##0.00)"
DEPR_DTL_8c,L29,DEPR_DTL_8c_L29,java.lang.Double,"#,##0.00_);(#,##0.00)"
DEPR_DTL_8c,M29,DEPR_DTL_8c_M29,java.lang.Double,"#,##0.00_);(#,##0.00)"
DEPR_DTL_8c,H30,DEPR_DTL_8c_H30,java.lang.Double,0.00%
DEPR_DTL_8c,I30,DEPR_DTL_8c_I30,java.lang.Double,"#,##0.00_);(#,##0.00)"
DEPR_DTL_8c,K30,DEPR_DTL_8c_K30,java.lang.Double,"#,##0.00_);(#,##0.00)"
DEPR_DTL_8c,L30,DEPR_DTL_8c_L30,java.lang.Double,"#,##0.00_);(#,##0.00)"
DEPR_DTL_8c,M30,DEPR_DTL_8c_M30,java.lang.Double,"#,##0.00_);(#,##0.00)"
DEPR_DTL_8c,H31,DEPR_DTL_8c_H31,java.lang.Double,0.00%
DEPR_DTL_8c,I31,DEPR_DTL_8c_I31,java.lang.Double,"#,##0.00_);(#,##0.00)"
DEPR_DTL_8c,K31,DEPR_DTL_8c_K31,java.lang.Double,"#,##0.00_);(#,##0.00)"
DEPR_DTL_8c,L31,DEPR_DTL_8c_L31,java.lang.Double,"#,##0.00_);(#,##0.00)"
DEPR_DTL_8c,M31,DEPR_DTL_8c_M31,java.lang.Double,"#,##0.00_);(#,##0.00)"
DEPR_DTL_8c,H32,DEPR_DTL_8c_H32,java.lang.Double,0.00%
DEPR_DTL_8c,I32,DEPR_DTL_8c_I32,java.lang.Double,"#,##0.00_);(#,##0.00)"
DEPR_DTL_8c,K32,DEPR_DTL_8c_K32,java.lang.Double,"#,##0.00_);(#,##0.00)"
DEPR_DTL_8c,L32,DEPR_DTL_8c_L32,java.lang.Double,"#,##0.00_);(#,##0.00)"
DEPR_DTL_8c,M32,DEPR_DTL_8c_M32,java.lang.Double,"#,##0.00_);(#,##0.00)"
DEPR_DTL_8c,H33,DEPR_DTL_8c_H33,java.lang.Double,0.00%
DEPR_DTL_8c,I33,DEPR_DTL_8c_I33,java.lang.Double,"#,##0.00_);(#,##0.00)"
DEPR_DTL_8c,K33,DEPR_DTL_8c_K33,java.lang.Double,"#,##0.00_);(#,##0.00)"
DEPR_DTL_8c,L33,DEPR_DTL_8c_L33,java.lang.Double,"#,##0.00_);(#,##0.00)"
DEPR_DTL_8c,M33,DEPR_DTL_8c_M33,java.lang.Double,"#,##0.00_);(#,##0.00)"
DEPR_DTL_8c,H34,DEPR_DTL_8c_H34,java.lang.Double,0.00%
DEPR_DTL_8c,I34,DEPR_DTL_8c_I34,java.lang.Double,"#,##0.00_);(#,##0.00)"
DEPR_DTL_8c,K34,DEPR_DTL_8c_K34,java.lang.Double,"#,##0.00_);(#,##0.00)"
DEPR_DTL_8c,L34,DEPR_DTL_8c_L34,java.lang.Double,"#,##0.00_);(#,##0.00)"
DEPR_DTL_8c,M34,DEPR_DTL_8c_M34,java.lang.Double,"#,##0.00_);(#,##0.00)"
DEPR_DTL_8c,H35,DEPR_DTL_8c_H35,java.lang.Double,0.00%
DEPR_DTL_8c,I35,DEPR_DTL_8c_I35,java.lang.Double,"#,##0.00_);(#,##0.00)"
DEPR_DTL_8c,K35,DEPR_DTL_8c_K35,java.lang.Double,"#,##0.00_);(#,##0.00)"
DEPR_DTL_8c,L35,DEPR_DTL_8c_L35,java.lang.Double,"#,##0.00_);(#,##0.00)"
DEPR_DTL_8c,M35,DEPR_DTL_8c_M35,java.lang.Double,"#,##0.00_);(#,##0.00)"
DEPR_DTL_8c,H36,DEPR_DTL_8c_H36,java.lang.Double,0.00%
DEPR_DTL_8c,I36,DEPR_DTL_8c_I36,java.lang.Double,"#,##0.00_);(#,##0.00)"
DEPR_DTL_8c,K36,DEPR_DTL_8c_K36,java.lang.Double,"#,##0.00_);(#,##0.00)"
DEPR_DTL_8c,L36,DEPR_DTL_8c_L36,java.lang.Double,"#,##0.00_);(#,##0.00)"
DEPR_DTL_8c,M36,DEPR_DTL_8c_M36,java.lang.Double,"#,##0.00_);(#,##0.00)"
DEPR_DTL_8c,H37,DEPR_DTL_8c_H37,java.lang.Double,0.00%
DEPR_DTL_8c,I37,DEPR_DTL_8c_I37,java.lang.Double,"#,##0.00_);(#,##0.00)"
DEPR_DTL_8c,K37,DEPR_DTL_8c_K37,java.lang.Double,"#,##0.00_);(#,##0.00)"
DEPR_DTL_8c,L37,DEPR_DTL_8c_L37,java.lang.Double,"#,##0.00_);(#,##0.00)"
DEPR_DTL_8c,M37,DEPR_DTL_8c_M37,java.lang.Double,"#,##0.00_);(#,##0.00)"
DEPR_DTL_8c,H38,DEPR_DTL_8c_H38,java.lang.Double,0.00%
DEPR_DTL_8c,I38,DEPR_DTL_8c_I38,java.lang.Double,"#,##0.00_);(#,##0.00)"
DEPR_DTL_8c,K38,DEPR_DTL_8c_K38,java.lang.Double,"#,##0.00_);(#,##0.00)"
DEPR_DTL_8c,L38,DEPR_DTL_8c_L38,java.lang.Double,"#,##0.00_);(#,##0.00)"
DEPR_DTL_8c,M38,DEPR_DTL_8c_M38,java.lang.Double,"#,##0.00_);(#,##0.00)"
DEPR_DTL_8c,H39,DEPR_DTL_8c_H39,java.lang.Double,0.00%
DEPR_DTL_8c,I39,DEPR_DTL_8c_I39,java.lang.Double,"#,##0.00_);(#,##0.00)"
DEPR_DTL_8c,K39,DEPR_DTL_8c_K39,java.lang.Double,"#,##0.00_);(#,##0.00)"
DEPR_DTL_8c,L39,DEPR_DTL_8c_L39,java.lang.Double,"#,##0.00_);(#,##0.00)"
DEPR_DTL_8c,M39,DEPR_DTL_8c_M39,java.lang.Double,"#,##0.00_);(#,##0.00)"
DEPR_DTL_8c,H40,DEPR_DTL_8c_H40,java.lang.Double,0.00%
DEPR_DTL_8c,I40,DEPR_DTL_8c_I40,java.lang.Double,"#,##0.00_);(#,##0.00)"
DEPR_DTL_8c,K40,DEPR_DTL_8c_K40,java.lang.Double,"#,##0.00_);(#,##0.00)"
DEPR_DTL_8c,L40,DEPR_DTL_8c_L40,java.lang.Double,"#,##0.00_);(#,##0.00)"
DEPR_DTL_8c,M40,DEPR_DTL_8c_M40,java.lang.Double,"#,##0.00_);(#,##0.00)"
DEPR_DTL_8c,H41,DEPR_DTL_8c_H41,java.lang.Double,0.00%
DEPR_DTL_8c,I41,DEPR_DTL_8c_I41,java.lang.Double,"#,##0.00_);(#,##0.00)"
DEPR_DTL_8c,K41,DEPR_DTL_8c_K41,java.lang.Double,"#,##0.00_);(#,##0.00)"
DEPR_DTL_8c,L41,DEPR_DTL_8c_L41,java.lang.Double,"#,##0.00_);(#,##0.00)"
DEPR_DTL_8c,M41,DEPR_DTL_8c_M41,java.lang.Double,"#,##0.00_);(#,##0.00)"
DEPR_DTL_8c,H42,DEPR_DTL_8c_H42,java.lang.Double,0.00%
DEPR_DTL_8c,I42,DEPR_DTL_8c_I42,java.lang.Double,"#,##0.00_);(#,##0.00)"
DEPR_DTL_8c,K42,DEPR_DTL_8c_K42,java.lang.Double,"#,##0.00_);(#,##0.00)"
DEPR_DTL_8c,L42,DEPR_DTL_8c_L42,java.lang.Double,"#,##0.00_);(#,##0.00)"
DEPR_DTL_8c,M42,DEPR_DTL_8c_M42,java.lang.Double,"#,##0.00_);(#,##0.00)"
DEPR_DTL_8c,H43,DEPR_DTL_8c_H43,java.lang.Double,0.00%
DEPR_DTL_8c,I43,DEPR_DTL_8c_I43,java.lang.Double,"#,##0.00_);(#,##0.00)"
DEPR_DTL_8c,K43,DEPR_DTL_8c_K43,java.lang.Double,"#,##0.00_);(#,##0.00)"
DEPR_DTL_8c,L43,DEPR_DTL_8c_L43,java.lang.Double,"#,##0.00_);(#,##0.00)"
DEPR_DTL_8c,M43,DEPR_DTL_8c_M43,java.lang.Double,"#,##0.00_);(#,##0.00)"
DEPR_DTL_8c,H44,DEPR_DTL_8c_H44,java.lang.Double,0.00%
DEPR_DTL_8c,I44,DEPR_DTL_8c_I44,java.lang.Double,"#,##0.00_);(#,##0.00)"
DEPR_DTL_8c,K44,DEPR_DTL_8c_K44,java.lang.Double,"#,##0.00_);(#,##0.00)"
DEPR_DTL_8c,L44,DEPR_DTL_8c_L44,java.lang.Double,"#,##0.00_);(#,##0.00)"
DEPR_DTL_8c,M44,DEPR_DTL_8c_M44,java.lang.Double,"#,##0.00_);(#,##0.00)"
DEPR_DTL_8c,H45,DEPR_DTL_8c_H45,java.lang.Double,0.00%
DEPR_DTL_8c,I45,DEPR_DTL_8c_I45,java.lang.Double,"#,##0.00_);(#,##0.00)"
DEPR_DTL_8c,K45,DEPR_DTL_8c_K45,java.lang.Double,"#,##0.00_);(#,##0.00)"
DEPR_DTL_8c,L45,DEPR_DTL_8c_L45,java.lang.Double,"#,##0.00_);(#,##0.00)"
DEPR_DTL_8c,M45,DEPR_DTL_8c_M45,java.lang.Double,"#,##0.00_);(#,##0.00)"
DEPR_DTL_8c,H46,DEPR_DTL_8c_H46,java.lang.Double,0.00%
DEPR_DTL_8c,I46,DEPR_DTL_8c_I46,java.lang.Double,"#,##0.00_);(#,##0.00)"
DEPR_DTL_8c,K46,DEPR_DTL_8c_K46,java.lang.Double,"#,##0.00_);(#,##0.00)"
DEPR_DTL_8c,L46,DEPR_DTL_8c_L46,java.lang.Double,"#,##0.00_);(#,##0.00)"
DEPR_DTL_8c,M46,DEPR_DTL_8c_M46,java.lang.Double,"#,##0.00_);(#,##0.00)"
DEPR_DTL_8c,H47,DEPR_DTL_8c_H47,java.lang.Double,0.00%
DEPR_DTL_8c,I47,DEPR_DTL_8c_I47,java.lang.Double,"#,##0.00_);(#,##0.00)"
DEPR_DTL_8c,K47,DEPR_DTL_8c_K47,java.lang.Double,"#,##0.00_);(#,##0.00)"
DEPR_DTL_8c,L47,DEPR_DTL_8c_L47,java.lang.Double,"#,##0.00_);(#,##0.00)"
DEPR_DTL_8c,M47,DEPR_DTL_8c_M47,java.lang.Double,"#,##0.00_);(#,##0.00)"
DEPR_DTL_8c,H48,DEPR_DTL_8c_H48,java.lang.Double,0.00%
DEPR_DTL_8c,I48,DEPR_DTL_8c_I48,java.lang.Double,"#,##0.00_);(#,##0.00)"
DEPR_DTL_8c,K48,DEPR_DTL_8c_K48,java.lang.Double,"#,##0.00_);(#,##0.00)"
DEPR_DTL_8c,L48,DEPR_DTL_8c_L48,java.lang.Double,"#,##0.00_);(#,##0.00)"
DEPR_DTL_8c,M48,DEPR_DTL_8c_M48,java.lang.Double,"#,##0.00_);(#,##0.00)"
DEPR_DTL_8c,H49,DEPR_DTL_8c_H49,java.lang.Double,0.00%
DEPR_DTL_8c,I49,DEPR_DTL_8c_I49,java.lang.Double,"#,##0.00_);(#,##0.00)"
DEPR_DTL_8c,K49,DEPR_DTL_8c_K49,java.lang.Double,"#,##0.00_);(#,##0.00)"
DEPR_DTL_8c,L49,DEPR_DTL_8c_L49,java.lang.Double,"#,##0.00_);(#,##0.00)"
DEPR_DTL_8c,M49,DEPR_DTL_8c_M49,java.lang.Double,"#,##0.00_);(#,##0.00)"
DEPR_DTL_8c,H50,DEPR_DTL_8c_H50,java.lang.Double,0.00%
DEPR_DTL_8c,I50,DEPR_DTL_8c_I50,java.lang.Double,"#,##0.00_);(#,##0.00)"
DEPR_DTL_8c,K50,DEPR_DTL_8c_K50,java.lang.Double,"#,##0.00_);(#,##0.00)"
DEPR_DTL_8c,L50,DEPR_DTL_8c_L50,java.lang.Double,"#,##0.00_);(#,##0.00)"
DEPR_DTL_8c,M50,DEPR_DTL_8c_M50,java.lang.Double,"#,##0.00_);(#,##0.00)"
DEPR_DTL_8c,H51,DEPR_DTL_8c_H51,java.lang.Double,0.00%
DEPR_DTL_8c,I51,DEPR_DTL_8c_I51,java.lang.Double,"#,##0.00_);(#,##0.00)"
DEPR_DTL_8c,K51,DEPR_DTL_8c_K51,java.lang.Double,"#,##0.00_);(#,##0.00)"
DEPR_DTL_8c,L51,DEPR_DTL_8c_L51,java.lang.Double,"#,##0.00_);(#,##0.00)"
DEPR_DTL_8c,M51,DEPR_DTL_8c_M51,java.lang.Double,"#,##0.00_);(#,##0.00)"
DEPR_DTL_8c,H52,DEPR_DTL_8c_H52,java.lang.Double,0.00%
DEPR_DTL_8c,I52,DEPR_DTL_8c_I52,java.lang.Double,"#,##0.00_);(#,##0.00)"
DEPR_DTL_8c,K52,DEPR_DTL_8c_K52,java.lang.Double,"#,##0.00_);(#,##0.00)"
DEPR_DTL_8c,L52,DEPR_DTL_8c_L52,java.lang.Double,"#,##0.00_);(#,##0.00)"
DEPR_DTL_8c,M52,DEPR_DTL_8c_M52,java.lang.Double,"#,##0.00_);(#,##0.00)"
DEPR_DTL_8c,H53,DEPR_DTL_8c_H53,java.lang.Double,0.00%
DEPR_DTL_8c,I53,DEPR_DTL_8c_I53,java.lang.Double,"#,##0.00_);(#,##0.00)"
DEPR_DTL_8c,K53,DEPR_DTL_8c_K53,java.lang.Double,"#,##0.00_);(#,##0.00)"
DEPR_DTL_8c,L53,DEPR_DTL_8c_L53,java.lang.Double,"#,##0.00_);(#,##0.00)"
DEPR_DTL_8c,M53,DEPR_DTL_8c_M53,java.lang.Double,"#,##0.00_);(#,##0.00)"
DEPR_DTL_8c,I54,DEPR_DTL_8c_I54,java.lang.Double,"#,##0.00_);(#,##0.00)"
DEPR_DTL_8c,J54,DEPR_DTL_8c_J54,java.lang.Double,"#,##0.00_);(#,##0.00)"
DEPR_DTL_8c,K54,DEPR_DTL_8c_K54,java.lang.Double,"#,##0.00_);(#,##0.00)"
DEPR_DTL_8c,L54,DEPR_DTL_8c_L54,java.lang.Double,"#,##0.00_);(#,##0.00)"
DEPR_DTL_8c,M54,DEPR_DTL_8c_M54,java.lang.Double,"#,##0.00_);(#,##0.00)"
TRANSFER_IN_9b,C2,TRANSFER_IN_9b_C2,java.lang.String,General
TRANSFER_IN_9b,C3,TRANSFER_IN_9b_C3,java.lang.String,General
TRANSFER_IN_9b,C4,TRANSFER_IN_9b_C4,java.lang.String,General
TRANSFER_IN_9b,C6,TRANSFER_IN_9b_C6,java.lang.String,General
TRANSFER_IN_9b,F32,TRANSFER_IN_9b_F32,java.lang.Double,"#,##0.00_);(#,##0.00)"
TRANSFER_IN_9b,F54,TRANSFER_IN_9b_F54,java.lang.Double,"#,##0.00_);(#,##0.00)"
TRANSFER_IN_9c,C2,TRANSFER_IN_9c_C2,java.lang.String,General
TRANSFER_IN_9c,C3,TRANSFER_IN_9c_C3,java.lang.String,General
TRANSFER_IN_9c,C4,TRANSFER_IN_9c_C4,java.lang.String,General
TRANSFER_IN_9c,C6,TRANSFER_IN_9c_C6,java.lang.String,General
TRANSFER_IN_9c,F32,TRANSFER_IN_9c_F32,java.lang.Double,"#,##0.00_);(#,##0.00)"
TRANSFER_IN_9c,F54,TRANSFER_IN_9c_F54,java.lang.Double,"#,##0.00_);(#,##0.00)"
TRANSFER_IN_9d,C2,TRANSFER_IN_9d_C2,java.lang.String,General
TRANSFER_IN_9d,C3,TRANSFER_IN_9d_C3,java.lang.String,General
TRANSFER_IN_9d,C4,TRANSFER_IN_9d_C4,java.lang.String,General
TRANSFER_IN_9d,C6,TRANSFER_IN_9d_C6,java.lang.String,General
TRANSFER_IN_9d,F55,TRANSFER_IN_9d_F55,java.lang.Double,"#,##0.00_);(#,##0.00)"
TRANSFER_OUT_10b,C2,TRANSFER_OUT_10b_C2,java.lang.String,General
TRANSFER_OUT_10b,C3,TRANSFER_OUT_10b_C3,java.lang.String,General
TRANSFER_OUT_10b,C4,TRANSFER_OUT_10b_C4,java.lang.String,General
TRANSFER_OUT_10b,C6,TRANSFER_OUT_10b_C6,java.lang.String,General
TRANSFER_OUT_10b,F28,TRANSFER_OUT_10b_F28,java.lang.Double,"#,##0.00_);(#,##0.00)"
TRANSFER_OUT_10b,F42,TRANSFER_OUT_10b_F42,java.lang.Double,"#,##0.00_);(#,##0.00)"
TRANSFER_OUT_10b,F54,TRANSFER_OUT_10b_F54,java.lang.Double,"#,##0.00_);(#,##0.00)"
TRANSFER_OUT_10c,C2,TRANSFER_OUT_10c_C2,java.lang.String,General
TRANSFER_OUT_10c,C3,TRANSFER_OUT_10c_C3,java.lang.String,General
TRANSFER_OUT_10c,C4,TRANSFER_OUT_10c_C4,java.lang.String,General
TRANSFER_OUT_10c,C6,TRANSFER_OUT_10c_C6,java.lang.String,General
TRANSFER_OUT_10c,F28,TRANSFER_OUT_10c_F28,java.lang.Double,"#,##0.00_);(#,##0.00)"
TRANSFER_OUT_10c,F42,TRANSFER_OUT_10c_F42,java.lang.Double,"#,##0.00_);(#,##0.00)"
TRANSFER_OUT_10c,F54,TRANSFER_OUT_10c_F54,java.lang.Double,"#,##0.00_);(#,##0.00)"
TRANSFER_OUT_10d,C2,TRANSFER_OUT_10d_C2,java.lang.String,General
TRANSFER_OUT_10d,C3,TRANSFER_OUT_10d_C3,java.lang.String,General
TRANSFER_OUT_10d,C4,TRANSFER_OUT_10d_C4,java.lang.String,General
TRANSFER_OUT_10d,C6,TRANSFER_OUT_10d_C6,java.lang.String,General
TRANSFER_OUT_10d,F28,TRANSFER_OUT_10d_F28,java.lang.Double,"#,##0.00_);(#,##0.00)"
TRANSFER_OUT_10d,F42,TRANSFER_OUT_10d_F42,java.lang.Double,"#,##0.00_);(#,##0.00)"
TRANSFER_OUT_10d,F54,TRANSFER_OUT_10d_F54,java.lang.Double,"#,##0.00_);(#,##0.00)"
